-- phpMyAdmin SQL Dump
-- version 4.8.4
-- https://www.phpmyadmin.net/
--
-- Servidor: 127.0.0.1
-- Tiempo de generación: 21-01-2019 a las 01:41:30
-- Versión del servidor: 10.1.37-MariaDB
-- Versión de PHP: 7.1.25

SET SQL_MODE = "NO_AUTO_VALUE_ON_ZERO";
SET AUTOCOMMIT = 0;
START TRANSACTION;
SET time_zone = "+00:00";


/*!40101 SET @OLD_CHARACTER_SET_CLIENT=@@CHARACTER_SET_CLIENT */;
/*!40101 SET @OLD_CHARACTER_SET_RESULTS=@@CHARACTER_SET_RESULTS */;
/*!40101 SET @OLD_COLLATION_CONNECTION=@@COLLATION_CONNECTION */;
/*!40101 SET NAMES utf8mb4 */;

--
-- Base de datos: `mamani`
--

-- --------------------------------------------------------

--
-- Estructura de tabla para la tabla `acceso`
--

CREATE TABLE `acceso` (
  `idACCESO` int(11) NOT NULL,
  `COD_Padre` int(11) DEFAULT NULL,
  `Descripcion` varchar(100) DEFAULT NULL,
  `URL` varchar(50) DEFAULT NULL,
  `Estado` char(1) DEFAULT NULL,
  `icono` varchar(50) NOT NULL,
  `Entidad` tinyint(1) NOT NULL
) ENGINE=InnoDB DEFAULT CHARSET=latin1;

--
-- Volcado de datos para la tabla `acceso`
--

INSERT INTO `acceso` (`idACCESO`, `COD_Padre`, `Descripcion`, `URL`, `Estado`, `icono`, `Entidad`) VALUES
(1, NULL, 'Hola mundo', '#', '1', 'md-brightness-high', 0),
(2, NULL, 'Entidad', '/pagCliente', '1', '/svg/menu/entidad.svg', 0),
(3, NULL, 'Proveedor', '/pagProveedor', '1', '/svg/menu/proveedor.svg', 0),
(4, NULL, 'Contrato', '/pagContrato', '1', 'md-domain', 1),
(5, NULL, 'Puntos de acceso', '/pagPuntosAccesos', '1', 'md-nfc', 1),
(6, NULL, 'Consumo', '#', '1', 'md-dvr', 1),
(8, 1, 'Usuarios', '#', '1', '', 0),
(9, 1, 'Roles', '#', '1', '', 0),
(10, 1, 'Acessos', '#', '1', '', 0),
(11, 6, 'Real', '/pagConsumoReal', '1', '', 1),
(12, 6, 'Solicitado', '/pagConsumoSolicitado', '1', '', 1),
(13, NULL, 'Mikrotik', '/pagMikrotik', '1', '/svg/menu/dispositivo.svg', 0);

-- --------------------------------------------------------

--
-- Estructura de tabla para la tabla `area`
--

CREATE TABLE `area` (
  `idAREA` int(11) NOT NULL,
  `Nom_Area` varchar(60) DEFAULT NULL,
  `CTAS_CTR` varchar(20) DEFAULT NULL,
  `Dependencia` varchar(500) NOT NULL,
  `Obs` varchar(500) NOT NULL,
  `CTW` varchar(500) NOT NULL,
  `Cod_Padre` int(11) DEFAULT NULL,
  `Nivel` int(11) DEFAULT NULL,
  `idEntidad` int(11) NOT NULL,
  `Interface` varchar(100) DEFAULT NULL,
  `idDispositivo` int(11) DEFAULT NULL,
  `Estado` tinyint(1) DEFAULT NULL
) ENGINE=InnoDB DEFAULT CHARSET=latin1;

--
-- Volcado de datos para la tabla `area`
--

INSERT INTO `area` (`idAREA`, `Nom_Area`, `CTAS_CTR`, `Dependencia`, `Obs`, `CTW`, `Cod_Padre`, `Nivel`, `idEntidad`, `Interface`, `idDispositivo`, `Estado`) VALUES
(1, 'Productos Union', '33215', '', '', '', NULL, 0, 1, 'fia-labcomp', 2, 1),
(2, 'Colegio Unión', '42111', '', '', '', NULL, 0, 1, 'fce-labcomp2', 2, 1),
(3, 'Area Administrativa', '54211', '', '', '', NULL, 0, 1, 'dgti-labcomp3', 2, 1),
(4, 'Lab. Redes', '55321', '', '', '', NULL, 0, 1, 'fia-labredes', 2, 1),
(5, 'Lab. Computo 7', '12351', '', '', '', NULL, 0, 1, 'fia-labcomp7', 2, 1),
(6, 'Lab. Computo 8', '534122', '', '', '', NULL, 0, 1, 'fia-labcomp8', 2, 1),
(7, 'UN Dirección General de Sistemas', '23124', '', '', '', 3, 1, 1, '', 1, 1),
(8, 'Administracion Rectorado', '4112', '', '', '', 3, 1, 1, '', 1, 1),
(9, 'UN Planificación y Desarrollo', '11010103', '', '', '', 8, 2, 1, '', 1, 1),
(10, 'Administracion Gerencia General', '11010123', '', '', '', 3, 1, 1, '', 1, 1),
(11, 'UN Recursos Humanos', '123451', '', '', '', 10, 2, 1, '', 1, 1),
(12, 'Iglesia Villa Unión', '3112', '', '', '', 10, 2, 1, '', 1, 1),
(13, 'UN Logística', '124124', '', '', '', 10, 2, 1, '', 1, 1),
(14, 'Producciones Unión', '3211', '', '', '', 8, 2, 1, 'fia-labcomp6', 1, 1),
(15, 'Oficinas y Laboratorios', '124121', '', '', '', 2, 1, 1, '', 1, 1),
(16, 'Laboratorio de Robótica', '12412', '', '', '', 2, 1, 1, '', 1, 1),
(17, 'WiFi a alumnos y Docentes con equipos', '41212', '', '', '', 2, 1, 1, '', 1, 1),
(18, 'Gerencia General', '214213', '', '', '', 1, 1, 1, '', 1, 1),
(19, 'Secretaria Gerencia', '2112', '', '', '', 18, 2, 1, '124', 1, 1),
(20, 'Secretaria Gerencia', '31212', '', '', '', 1, 1, 1, '', 1, 1),
(21, 'Contabilidad', '41221', '', '', '', 1, 1, 1, '', 1, 1),
(22, 'Jefe de Contabilidad', '2141', '', '', '', 21, 2, 1, '', 1, 1),
(23, 'Asistente Contabilidad', '1212', '', '', '', 21, 2, 1, '', 3, 1),
(24, 'Residencias', '41211', '', '', '', NULL, 0, 1, '', 1, 1),
(25, 'RUV (Residencia Universitario de Varones', '325223', '', '', '', 24, 1, 1, '', 1, 1),
(26, 'RUS (Residencia Universitaria de Señoritas) y Beca 18', '213122', '', '', '', 24, 1, 1, '', 1, 1),
(27, 'Eduardo Forga - zona barrio industrial', '23121', '', '', '', 24, 1, 1, '', 1, 1),
(28, 'UPeU WiFi  (Docentes UPeU)', '12412', '', '', '', NULL, 0, 1, '', 1, 1),
(29, 'UPeU WiFi  (Alumnos UPeU ) ', '21412', '', '', '', NULL, 0, 1, '', 1, 1),
(30, 'prueva', '12', '', '', '', NULL, 0, 1, '124', 2, 0),
(31, 'digesti', '362', '', '', '', NULL, 0, 1, 'digeti', 2, 1),
(32, 'sym', '', '', '', '', 31, 1, 1, 'sym', 1, 1),
(33, 'desarrollo', '', '', '', '', 31, 1, 1, '', 1, 1),
(34, 'FIA', '', '', '', '', NULL, 0, 1, '', 1, 1),
(35, 'FIA Oficinas', '3216', '', '', '', 34, 1, 1, 'fia-oficinas', 2, 1),
(36, 'fia-labredes', '42724', '', '', '', 34, 1, 1, 'fia-labredes', 3, 1),
(37, 'fia-labdesarrollo', '123546', '', '', '', 34, 1, 1, 'fia-labdesarrollo', 3, 1),
(38, 'fia-aulas', '27242', '', '', '', 34, 1, 1, 'fia-aulas', 2, 1),
(39, 'fia-labesp', '', '', '', '', 34, 1, 1, 'fia-labesp', 2, 1),
(40, '', '', '', '', '', 36, 2, 1, '', 3, 0),
(41, 'Prueba', '', '', '', '', NULL, 0, 1, 'prueba', 2, 1),
(42, 'prueba2', '', '', '', '', NULL, 0, 1, 'sss', 1, 1),
(43, 'soporte', '', '', '', '', 42, 1, 1, '', 1, 1),
(44, 'desarrollo', '', '', '', '', 42, 1, 1, '', 1, 1),
(45, 'soporte upeu', '', '', '', '', 41, 1, 1, '', 1, 1),
(46, 'Laboratorios de Computo', '', '', '', '', NULL, 0, 2, '', 1, 1),
(47, 'Laboratorio Cómputo – CRAI', '1.06.01', '', '', '', 46, 1, 2, '', 1, 1),
(48, 'Laboratorio Cómputo Nro. 1 – CU', '12', '', '', '', 46, 1, 2, '', 1, 1),
(49, 'Laboratorio Cómputo – Lab Nro. 3', '1.02.01', '', '', '', 46, 1, 2, '', 1, 1),
(50, 'Laboratorio Cómputo – Lab Nro. 4', '1.02.1', '', '', '', 46, 1, 2, '', 1, 1),
(51, 'Laboratorio Cómputo – Lab Nro. 5', '1.02.01', '', '', '', 46, 1, 2, '', 1, 1),
(52, 'Laboratorio Cómputo – Lab Nro. 6', '1.02.01', '', '', '', 46, 1, 2, '', 1, 1),
(53, 'Laboratorio Cómputo – Isla de edición', '1.04.89', '', '', '', 46, 1, 2, '', 1, 1),
(54, 'Laboratorio Cómputo – Lab  Comunicacion', '1.04.89', '', '', '', 46, 1, 2, '', 1, 1),
(55, 'Laboratorio Cómputo – Lab Investigacion', '1.04.36', '', '', '', 46, 1, 2, '', 1, 1),
(56, 'Laboratorio Cómputo – FacTeologia', '1.04.41', '', '', '', 46, 1, 2, '', 1, 1),
(57, 'Laboratorio Cómputo – Nro1 - Pab A', '1.04.41', '', '', '', 46, 1, 2, '', 1, 1),
(58, 'Laboratorio Cómputo – Nro2-dgti1A', '1.04.41', '', '', '', 46, 1, 2, '', 1, 1),
(59, 'Laboratorio Cómputo – Nro1 - PabA', '1.04.41', '', '', '', 46, 1, 2, '', 1, 1),
(60, 'Laboratorio Cómputo – Nro1 - dgti 1B', '1.04.41', '', '', '', 46, 1, 2, '', 1, 1),
(61, 'Laboratorio Cómputo – Psicologia', '1.04.24', '', '', '', 46, 1, 2, '', 1, 1),
(62, 'Laboratorio Cómputo – Lab Nro 7 FIA', '1.04.88', '', '', '', 46, 1, 2, 'fia-labcomp7', 2, 1),
(63, 'Laboratorio Cómputo – Lab Nro 8 FIA', '1.04.88', '', '', '', 46, 1, 2, '', 1, 1),
(64, 'Laboratorio Cómputo – Lab Nro Desa.Sof', '1.04.39', '', '', '', 46, 1, 2, '', 1, 1),
(65, 'Laboratorio Cómputo – Lab fisica', '1.04.88', '', '', '', 46, 1, 2, '', 1, 1),
(66, 'Laboratorio Cómputo – Lab Redes Cisco', '1.04.39', '', '', '', 46, 1, 2, '', 1, 1),
(67, 'Laboratorio Cómputo – Lab Idiomas', '1.04.39', '', '', '', 46, 1, 2, '', 1, 1),
(68, 'fia lab7', '', '', '', '', NULL, 0, 2, 'fia-labcomp7', 2, 1),
(69, 'Residencias Universitarias', '1.03.06', '', '', '', NULL, 0, 7, '', 1, 1),
(70, 'RUV (Residencia Universitario de Varones)', '1.03.05', '', '', '', 69, 1, 7, '', 1, 1),
(71, 'Sheratons - zona barrio industrial', '1.03.08', '', '', '', 69, 1, 7, '', 1, 1),
(72, 'Colegio Unión - WiFi Alumnos y Docentes', '4', '', '', '', NULL, 0, 7, '', 1, 1),
(73, 'PROESAD LIMA - Internet dedicado | Aulas virtuales adobe Con', '1.04.23', '', '', '', NULL, 0, 7, '', 1, 0),
(74, 'Gerencia de Servicios', '1.02.06', '', '', '', NULL, 0, 7, '', 1, 0),
(75, 'Hoespedados en las Residencias Univ.', '', '', '', '', 74, 1, 7, '', 1, 1),
(76, 'UPeU WiFi  (Docentes UPeU)', '', '', '', '', NULL, 0, 7, '', 1, 1),
(77, 'WiFi Alumnos CCEE', '1.04.33', '', '', '', 76, 1, 7, '', 1, 1),
(78, 'WiFi Alumnos Teología', '1.04.37', '', '', '', 76, 1, 7, '', 1, 1),
(79, 'WiFi Alumnos CCHHEE', '1.04.36', '', '', '', 76, 1, 7, '', 1, 1),
(80, 'WiFi Alumnos CCSS', '1.04.35', '', '', '', 76, 1, 7, '', 1, 1),
(81, 'WiFi Alumnos Ing. y Arq.', '1.04.34', '', '', '', 76, 1, 7, '', 1, 1),
(82, 'UPeU WiFi  (Alumnos UPeU – Pabellones)', '', '', '', '', NULL, 0, 7, '', 1, 1),
(83, 'WiFi Alumnos Teología', '1.04.37', '', '', '', 82, 1, 7, '', 1, 1),
(84, 'WiFi Alumnos CCEE', '1.04.33', '', '', '', 82, 1, 7, '', 1, 1),
(85, 'WiFi Alumnos CCHHEE', '1.04.36', '', '', '', 82, 1, 7, '', 1, 1),
(86, 'WiFi Alumnos CCSS', '1.04.35', '', '', '', NULL, 0, 7, '', 1, 0),
(87, 'WiFi Alumnos Ing. y Arq.', '1.04.34', '', '', '', 82, 1, 7, '', 1, 1),
(88, 'Viviendas UPeU', '1.01.06', '', '', '', NULL, 0, 7, '', 1, 1),
(89, 'UN Fac. Ciencias Humanas y Educativas', '1.04.36', '', '', '', NULL, 0, 7, '', 1, 0),
(90, 'UN Fac. Ciencias Salud', '1.04.35', '', '', '', NULL, 0, 7, '', 1, 0),
(91, 'UN Fac. Ciencias Salud', '1.04.35', '', '', '', NULL, 0, 7, '', 1, 0),
(92, 'Gestión de Proyecto Especiales antes PRONAFCAP', '1.01.19', '', '', '', NULL, 0, 7, '', 1, 0),
(93, 'Posgrado', '1.08', '', '', '', NULL, 0, 7, '', 1, 1),
(94, 'Capacitación | Comunicadores', '1.01.02', '', '', '', NULL, 0, 7, '', 1, 0),
(95, 'RUS (Residencia Universitaria de Señoritas) y Beca 18', '1.03.05', '', '', '', 69, 3, 7, NULL, 1, 1),
(96, 'UPeU WiFi (Auditorios)', '', '', '', '', NULL, 0, 7, '', 1, 1),
(97, 'WiFi Alumnos CCEE', '1.04.33', '', '', '', 96, 1, 7, '', 1, 1),
(98, 'WiFi Alumnos Teología', '1.04.37', '', '', '', 96, 1, 7, '', 1, 1),
(99, 'WiFi Alumnos CCHHEE', '1.04.36', '', '', '', 96, 1, 7, '', 1, 1),
(100, 'WiFi Alumnos CCSS', '1.04.35', '', '', '', 96, 1, 7, '', 1, 1),
(101, 'WiFi Alumnos Ing. y Arq.', '1.04.34', '', '', '', 96, 1, 7, '', 1, 1),
(102, 'Viviendas UPN', '', '', '', '', 88, 3, 7, '', 1, 1),
(103, 'Barrio. Saber, industrial, sinai, mansión y multifamiliar', '', '', '', '', 88, 1, 7, '', 1, 1),
(104, 'Productos Unión', '2', '', '', '', NULL, 0, 7, 'dgti-oficinas', 1, 1),
(105, 'Gerencia General', '', '', '', '', 104, 1, 7, '', 1, 1),
(106, 'Secretaria Gerencia', '', '', '', '', 104, 1, 7, '', 1, 1),
(107, 'Gerencia Financiera', '', '', '', '', 104, 1, 7, '', 1, 1),
(108, 'Secretaria Ventas', '', '', '', '', 104, 1, 7, '', 1, 1),
(109, 'Contabilidad', '', '', '', '', 104, 1, 7, '', 1, 1),
(110, 'Jefe de Contabilidad', '', '', '', '', 109, 2, 7, '', 1, 1),
(111, 'Asistente Contabilidad', '', '', '', '', 109, 2, 7, '', 1, 1),
(112, 'Cobranzas', '', '', '', '', 104, 1, 7, '', 1, 1),
(113, 'Jefe de Cobranzas', '', '', '', '', 112, 2, 7, '', 1, 1),
(114, 'Asistente de Cobranzas', '', '', '', '', 112, 2, 7, '', 1, 1),
(115, 'Gerencia Comercial', '', '', '', '', 104, 1, 7, '', 1, 1),
(116, 'Gerente Comercial', '', '', '', '', 115, 2, 7, '', 1, 1),
(117, 'Asistentes Comerciales', '', '', '', '', 115, 2, 7, '', 1, 1),
(118, 'Control de Calidad', '', '', '', '', 104, 1, 7, '', 1, 1),
(119, 'Jefe de Calidad', '', '', '', '', 118, 2, 7, '', 1, 1),
(120, 'Asistente de Calidad', '', '', '', '', 118, 2, 7, '', 1, 1),
(121, 'Logistica', '', '', '', '', 104, 1, 7, '', 1, 1),
(122, 'Jefa de Logistica', '', '', '', '', 121, 2, 7, '', 1, 1),
(123, 'Asistente de Logistica', '', '', '', '', 121, 2, 7, '', 1, 1),
(124, 'Asistente de Almacen', '', '', '', '', 121, 2, 7, '', 1, 1),
(125, 'Mantenimiento', '', '', '', '', 121, 2, 7, '', 1, 1),
(126, 'Gerencia de Producción', '', '', '', '', 104, 1, 7, '', 1, 1),
(127, 'Gerencia de Produccion', '', '', '', '', 126, 2, 7, '', 1, 1),
(128, 'Secretaria de Produccion', '', '', '', '', 126, 2, 7, '', 1, 1),
(129, 'Asistente de Produccion', '', '', '', '', 126, 2, 7, '', 1, 1),
(130, 'Asistente de Ingresos de Produccion', '', '', '', '', 126, 2, 7, '', 1, 1),
(131, 'Créditos', '', '', '', '', 104, 1, 7, '', 1, 1),
(132, 'Jefa de Creditos', '', '', '', '', 131, 2, 7, '', 1, 1),
(133, 'Asistente de Creditos', '', '', '', '', 131, 2, 7, '', 1, 1),
(134, 'Liquidacion', '', '', '', '', 104, 1, 7, '', 1, 1),
(135, 'Jefe de Liquidaciones', '', '', '', '', 134, 2, 7, '', 1, 1),
(136, 'Asistente de Liquidaciones', '', '', '', '', 134, 2, 7, '', 1, 1),
(137, 'Caja', '', '', '', '', 104, 1, 7, '', 1, 1),
(138, 'Jefe Caja', '', '', '', '', 137, 2, 7, '', 1, 1),
(139, 'Asistentes Caja', '', '', '', '', 137, 2, 7, '', 1, 1),
(140, 'Colegio Unión', '', '', '', '', NULL, 0, 7, 'dgti-srvenlace', 1, 1),
(141, 'Devoluciones', '', '', '', '', 104, 1, 7, '', 1, 1),
(142, 'Devoluciones', '', '', '', '', 141, 2, 7, '', 1, 1),
(143, 'Asistente de Ingresos Distribucion', '', '', '', '', 141, 2, 7, '', 1, 1),
(144, 'Jefe de Turno Distribucion', '', '', '', '', 141, 2, 7, '', 1, 1),
(145, 'Gestión de Pedidos', '', '', '', '', 104, 1, 7, '', 1, 1),
(146, 'Gestion de Pedidos', '', '', '', '', 145, 2, 7, '', 1, 1),
(147, 'Gerencia de Distribucion', '', '', '', '', 145, 2, 7, '', 1, 1),
(148, 'Asistente de Facturacion', '', '', '', '', 145, 2, 7, '', 1, 1),
(149, 'Tienda Planta', '', '', '', '', 104, 1, 7, '', 1, 1),
(150, 'Jefatura de Tienda Planta', '', '', '', '', 149, 2, 7, '', 1, 1),
(151, 'Caja de Tienda Planta', '', '', '', '', 149, 2, 7, '', 1, 1),
(152, 'Area Administrativa', '', '', '', '', NULL, 0, 7, 'dgti-labcomp3', 1, 1),
(153, 'Sistemas', '', '', '', '', 104, 1, 7, '', 1, 1),
(154, 'Jefe de Sistemas', '', '', '', '', 153, 2, 7, '', 1, 1),
(155, 'Auxiliar de Sistemas', '', '', '', '', 153, 2, 7, '', 1, 1),
(156, 'Staff', '', '', '', '', 104, 1, 7, '', 1, 1),
(157, 'Publicidad e Imagen', '', '', '', '', 156, 2, 7, '', 1, 1),
(158, 'Costos', '', '', '', '', 156, 2, 7, '', 1, 1),
(159, 'Trámites Documentarios', '', '', '', '', 156, 2, 7, '', 1, 1),
(160, 'Canal VAP', '', '', '', '', 104, 1, 7, '', 1, 1),
(161, 'Ventas Alumnos', '', '', '', '', 160, 2, 7, '', 1, 1),
(162, 'Ventas Independientes', '', '', '', '', 160, 2, 7, '', 1, 1),
(163, 'Colegio Unión', '4', '', '', '', 140, 1, 7, '', 1, 1),
(164, 'Laboratorio de Robótica', '12', '', '', '', 140, 1, 7, '', 1, 1),
(165, 'WiFi a alumnos y Docentes con equipos', '4', '', '', '', 140, 1, 7, '', 1, 1),
(166, 'UN Dirección General de Sistemas', '1.02.01', '', '', '', 152, 1, 7, '', 1, 1),
(167, 'Oficinas Administrativas', '', '', '', '', 152, 1, 7, '', 1, 1),
(168, 'Administracion Rectorado', '1.01.32', '', '', '', 167, 2, 7, '', 1, 1),
(169, 'UN Planificación y Desarrollo', '1.01.03', '', '', '', 167, 2, 7, '', 1, 1),
(170, '--', '--', '', '', '', 152, 1, 7, '', 1, 0),
(171, '--', '--', '', '', '', 152, 1, 7, '', 1, 0),
(172, 'UN Extensión y Proyección Social', '1.01.10', '', '', '', 167, 2, 7, '', 1, 1),
(173, 'Direccion de gestion de la calidad antes Acreditación', '1.01.19', '', '', '', 167, 2, 7, '', 1, 1),
(174, 'UN Imagen Institucional', '1.01.20', '', '', '', 167, 2, 7, '', 1, 1),
(175, 'UN Proyecto Universidad Saludable', '1.01.25', '', '', '', 167, 2, 7, '', 1, 1),
(176, 'UN Instituto de Desarrollo del Estudiante Colportor - IDEC', '1.01.26', '', '', '', 167, 2, 7, '', 1, 1),
(177, 'Producciones Unión', '1.01.27', '', '', '', 167, 2, 7, '', 1, 1),
(178, 'Dirección de Coordinación Nacional e Internacional - Relacio', '1.01.28', '', '', '', 167, 2, 7, '', 1, 1),
(179, 'UN Secretaría General', '1.05.02', '', '', '', 167, 2, 7, '', 1, 1),
(180, 'Administracion Gerencia General', '1.01.30', '', '', '', 167, 2, 7, '', 1, 1),
(181, 'UN Recursos Humanos', '1.01.16', '', '', '', 167, 2, 7, '', 1, 1),
(182, 'UN Logística', '1.01.04', '', '', '', 167, 2, 7, '', 1, 1),
(183, 'Iglesia Villa Unión', '1.01.01', '', '', '', 167, 2, 7, '', 1, 1),
(184, 'UN Fondo Editorial - Direccion de Publicaciones', '1.01.24', '', '', '', 167, 2, 7, '', 1, 1),
(185, 'UN Infraestructura e Importación', '1.02.08', '', '', '', 167, 2, 7, '', 1, 1),
(186, 'UN Asesoría Legal', '1.01.17', '', '', '', 167, 2, 7, '', 1, 1),
(187, 'UN Auditoría Interna', '1.01.18', '', '', '', 167, 2, 7, '', 1, 1),
(188, 'Admnistración  Académica', '1.01.09', '', '', '', 167, 2, 7, '', 1, 1),
(189, 'UN Dirección de investigación', '1.01.14', '', '', '', 167, 2, 7, '', 1, 1),
(190, 'UN Centro de Investigación White', '1.04.49', '', '', '', 167, 2, 7, '', 1, 1),
(191, 'Educación para la Vida', '1.01.22', '', '', '', 167, 2, 7, '', 1, 1),
(192, 'Cultura Fisica', '1.01.23', '', '', '', 167, 2, 7, '', 1, 1),
(193, 'UN Bienestar Universitario', '1.05.03', '', '', '', 167, 2, 7, '', 1, 1),
(194, 'UN Tutoría Beca 18', '1.04.66', '', '', '', 167, 2, 7, '', 1, 1),
(195, 'Area Finanzas', '', '', '', '', NULL, 0, 7, 'dgti-labcomp4', 1, 1),
(196, 'Jefes de Are', '', '', '', '', 195, 1, 7, '', 1, 1),
(197, 'UN Area Contable', '', '', '', '', 195, 1, 7, '', 1, 1),
(198, 'Secretaria', '', '', '', '', 197, 2, 7, '', 1, 1),
(199, 'Asistentes de Contabildiad General', '', '', '', '', 197, 2, 7, '', 1, 1),
(200, 'Contabilidad - Personal', '', '', '', '', 197, 2, 7, '', 1, 1),
(201, 'Desarrollo Contable', '', '', '', '', 197, 2, 7, '', 1, 1),
(202, 'Contador Sede', '', '', '', '', 197, 2, 7, '', 1, 1),
(203, 'Activos', '', '', '', '', 197, 2, 7, '', 1, 1),
(204, 'UN Area Contable', '', '', '', '', 195, 1, 7, '', 1, 1),
(205, 'Caja Jefe', '', '', '', '', 204, 2, 7, '', 1, 1),
(206, 'Caja pagador', '', '', '', '', 204, 2, 7, '', 1, 1),
(207, 'Caja Asistentes', '', '', '', '', 204, 2, 7, '', 1, 1),
(208, 'Provisiones', '', '', '', '', 204, 2, 7, '', 1, 1),
(209, 'Finanzas Alumnos Jefatura', '', '', '', '', 204, 2, 7, '', 1, 1),
(210, 'Finanzas Alumnos - Fac Educación', '', '', '', '', 204, 2, 7, '', 1, 1),
(211, 'Tesorería Asistentes', '', '', '', '', 204, 2, 7, '', 1, 1),
(212, 'Area Académica', '', '', '', '', NULL, 0, 7, 'fce-labcomp2', 1, 1),
(213, 'UN Admisión', '1.01.07', '', '', '', 212, 1, 7, '', 1, 1),
(214, 'UN Centro Pre Universitario Sede Lima', '1.01.12', '', '', '', 212, 1, 7, '', 1, 1),
(215, 'UN Instituto de Idiomas', '1.04.01', '', '', '', 212, 1, 7, '', 1, 1),
(216, 'UN Conservatorio de Música Superior', '1.06.03', '', '', '', 212, 1, 7, '', 1, 1),
(217, 'Laboratorios', '', '', '', '', NULL, 0, 7, 'fia-labcomp8', 1, 1),
(218, 'ORQUESTA y Coro', '1.06.06', '', '', '', 212, 1, 7, '', 1, 1),
(219, 'Facultad de Ciencias Empresariales', '', '', '', '', 212, 1, 7, '', 1, 1),
(220, 'UN Fac. Ciencias Empresariales - Gestión', '1.04.33', '', '', '', 219, 2, 7, '', 1, 1),
(221, 'Acreditación', '1.04.22', '', '', '', 219, 2, 7, '', 1, 1),
(222, 'UN Investigación CC.Empresariales', '1.04.33', '', '', '', 219, 2, 7, '', 1, 1),
(223, 'UN EAP Contabilidad', '1.04.38', '', '', '', 219, 2, 7, '', 1, 1),
(224, 'UN EAP Administración', '1.04.62', '', '', '', 219, 2, 7, '', 1, 1),
(225, 'UN CPT Informática Empresarial', '1.04.08', '', '', '', 219, 2, 7, '', 1, 1),
(226, 'UN CPT Asistencia Gerencia Bilingue', '1.04.09', '', '', '', 219, 2, 7, '', 1, 1),
(227, 'UN Gabinete Empresarial y Lab. Especializado L-1', '1.04.41', '', '', '', 219, 2, 7, '', 1, 1),
(228, 'Facultad de Teología', '', '', '', '', 212, 1, 7, '', 1, 1),
(229, 'UN Fac. Teología', '1.04.37', '', '', '', 228, 2, 7, '', 1, 1),
(230, 'Diplomado en Teología', '1.07.23', '', '', '', 228, 2, 7, '', 1, 1),
(231, 'EAP Teología Y Liderazgo Eclesiastico', '1.04.43', '', '', '', 228, 2, 7, '', 1, 1),
(232, 'Facultad de Educación y Ciencias Humanas', '', '', '', '', 212, 1, 7, '', 1, 1),
(233, 'UN Fac. Ciencias Humanas y Educativas', '1.04.36', '', '', '', 232, 2, 7, '', 1, 1),
(234, 'UN Investigación Ciencias Humanas y Educ', '1.04.36', '', '', '', 232, 2, 7, '', 1, 1),
(235, 'UN EAP Educación', '1.04.10', '', '', '', 232, 2, 7, '', 1, 1),
(236, 'Secretaria EAP Educación', '1.04.10', '', '', '', 232, 2, 7, '', 1, 1),
(237, 'UN EAP Ciencias de la Comunicación', '1.09.46', '', '', '', 232, 2, 7, '', 1, 1),
(238, 'UN EAP Educación', '13040102', '', '', '', 232, 2, 7, '', 1, 1),
(239, 'Secretaria EAP Educación', '1.04.10', '', '', '', 232, 2, 7, '', 1, 1),
(240, 'UN EAP Ciencias de la Comunicación', '1.09.46', '', '', '', 232, 2, 7, '', 1, 1),
(241, 'PAE Linguistica e ingles', '1.04.60', '', '', '', 232, 2, 7, '', 1, 1),
(242, 'Cultura Física', '1.01.22', '', '', '', 232, 2, 7, '', 1, 1),
(243, 'Educación para la Vida  | Talleres', '1.01.23', '', '', '', 232, 2, 7, '', 1, 1),
(244, 'Proyectos Especiales | Ofic. En Biblioteca', '1.04.66', '', '', '', 232, 2, 7, '', 1, 1),
(245, 'Facultad de Ciencias de la salud', '', '', '', '', 212, 1, 7, '', 1, 1),
(246, 'UN Fac. Ciencias Salud', '1.04.35', '', '', '', 245, 2, 7, '', 1, 1),
(247, 'Sala de Profesores Fac. Ciencias Salud', '1.04.35', '', '', '', 245, 2, 7, '', 1, 1),
(248, 'UN Investigación Fac.Salud', '1.04.35', '', '', '', 245, 2, 7, '', 1, 1),
(249, 'UN EAP Enfermería', '1.04.40', '', '', '', 245, 2, 7, '', 1, 1),
(250, 'UN EAP Nutrición', '1.09.30', '', '', '', 245, 2, 7, '', 1, 1),
(251, 'UN EAP Psicología', '1.09.31', '', '', '', 245, 2, 7, '', 1, 1),
(252, 'UN EAP Medicina', '1.09.32', '', '', '', 245, 2, 7, '', 1, 1),
(253, 'PROEDAD - CDTIE', '', '', '', '', NULL, 0, 7, '', 1, 1),
(254, 'PROESAD LIMA', '1.04.23', '', '', '', 253, 2, 7, '', 1, 1),
(255, 'Secretaria - Lima', '1.04.23', '', '', '', 253, 2, 7, '', 1, 1),
(256, 'Escuela de Post Grado - EPG', '14000000', '', '', '', NULL, 0, 7, 'dgti-labcomp6', 1, 1),
(257, 'Biblioteca', '', '', '', '', NULL, 0, 7, 'dgti-desarrollo', 1, 1),
(258, 'UN Biblioteca', '1.06.01', '', '', '', 257, 2, 7, '', 1, 0),
(259, 'UN Biblioteca', '1.06.01', '', '', '', 257, 2, 7, '', 1, 1),
(260, 'CDTIE', '1.04.62', '', '', '', 253, 1, 7, '', 1, 1),
(261, 'Auditorios', '', '', '', '', NULL, 0, 7, 'dgti-labcomp5', 1, 1),
(262, 'Auditorios Transmisión en vivo', '1.01.01', '', '', '', 261, 1, 7, '', 1, 1),
(263, 'UN Dirección General de Sistemas', '1.02.01', '', '', '', 261, 1, 7, '', 1, 1),
(264, 'Gerencia Servicios', '', '', '', '', NULL, 0, 7, 'fia-labredes', 1, 1),
(265, 'UN Gerencia de Servicios', '1.02.06', '', '', '', 264, 1, 7, '', 1, 1),
(266, 'UN Limpieza', '1.02.03', '', '', '', 264, 1, 7, '', 1, 1),
(267, 'UN Mantenimiento y Carpintería', '1.02.04', '', '', '', 264, 1, 7, '', 1, 1),
(268, 'UN Seguridad', '1.02.05', '', '', '', 264, 1, 7, '', 1, 1),
(269, '- Monitor', '1.02.05', '', '', '', 264, 1, 7, '', 1, 1),
(270, 'UN Ornato y Agropecuario', '1.02.02', '', '', '', 264, 1, 7, '', 1, 1),
(271, 'UN Recepción', '1.02.07', '', '', '', 264, 1, 7, '', 1, 1),
(272, 'UN Audiovisuales', '1.06.02', '', '', '', 264, 1, 7, '', 1, 1),
(273, 'UN Piscina', '1.02.09', '', '', '', 264, 1, 7, '', 1, 1),
(274, 'UN Lavanderia', '1.03.01', '', '', '', 264, 1, 7, '', 1, 1),
(275, 'UN Bazar Unión', '1.03.02', '', '', '', 264, 1, 7, '', 1, 1),
(276, 'UN Servicio de Alimentación', '1.03.04', '', '', '', 264, 1, 7, '', 1, 1),
(277, 'UN Residencia Señoritas - Preceptor', '1.03.05', '', '', '', 264, 1, 7, '', 1, 1),
(278, 'UN Residencia Varones - Preceptor', '1.03.06', '', '', '', 264, 1, 7, '', 1, 1),
(279, 'UN Cafetín', '1.03.07', '', '', '', 264, 1, 7, '', 1, 1),
(280, 'UN Residencia Sheraton - Coordinador', '1.03.08', '', '', '', 264, 1, 7, '', 1, 1),
(281, 'UN Serv. Alimentación -Tunas', '1.03.09', '', '', '', 264, 1, 7, '', 1, 1),
(282, 'Laboratorio 1 ( PCs operativas lado A)', '1.04.39', '', '', '', 217, 1, 7, '', 1, 1),
(283, 'Laboratorio 1 ( PCs operativas lado B)', '1.04.39', '', '', '', 217, 1, 7, '', 1, 1),
(284, 'Laboratorio 2 (lado A y lado B)', '1.04.41', '', '', '', 217, 1, 7, '', 1, 1),
(285, 'Laboratorio 3', '1.02.01', '', '', '', 217, 1, 7, '', 1, 1),
(286, 'Laboratorio 4', '1.02.01', '', '', '', 217, 1, 7, '', 1, 1),
(287, 'Laboratorio 5', '1.02.01', '', '', '', 217, 1, 7, '', 1, 1),
(288, 'Laboratorio 6', '1.02.01', '', '', '', 217, 1, 7, '', 1, 1),
(289, 'Laboratorio 7 (CIDS)', '1.04.88', '', '', '', 217, 1, 7, '', 1, 1),
(290, 'Laboratorio 8 (CITEL)', '1.04.88', '', '', '', 217, 1, 7, '', 1, 1),
(291, 'Laboratorio  - Gabinete Emp. - L1', '1.04.41', '', '', '', 217, 1, 7, '', 1, 1),
(292, 'Laboratorio  - IE - L3', '1.04.41', '', '', '', 217, 1, 7, '', 1, 1),
(293, 'Laboratorio -Teología', '1.04.37', '', '', '', 217, 1, 7, '', 1, 1),
(294, 'Laboratorio Comunicaciones', '1.04.89', '', '', '', 217, 1, 7, '', 1, 1),
(295, 'Laboratorio Isla Edición', '1.04.89', '', '', '', 217, 1, 7, '', 1, 1),
(296, 'Laboratorio de Educación PAE', '1.04.89', '', '', '', 217, 1, 7, '', 1, 1),
(297, 'UN Investigación Ciencias Humanas y Educ', '1.04.36', '', '', '', 217, 1, 7, '', 1, 1),
(298, 'Laboratorio Química', '1.04.24', '', '', '', 217, 1, 7, '', 1, 1),
(299, 'Laboratorio Nutrición', '1.04.24', '', '', '', 217, 1, 7, '', 1, 1),
(300, 'Laboratorio Enfermería', '1.04.24', '', '', '', 217, 1, 7, '', 1, 1),
(301, 'Laboratorio de Biología', '1.04.24', '', '', '', 217, 1, 7, '', 1, 1),
(302, 'Laboratorio Medicina (3P y 4P Pab. E)', '1.04.24', '', '', '', 217, 1, 7, '', 1, 1),
(303, 'Laboratorio de Psicología', '1.04.24', '', '', '', 217, 1, 7, '', 1, 1),
(304, 'Laboratorio Idiomas', '1.04.24', '', '', '', 217, 1, 7, '', 1, 1),
(305, 'Biblioteca – CRAI', '1.06.01', '', '', '', 217, 1, 7, '', 1, 1),
(306, 'UN Proyecto Beca 18', '1.04.66', '', '', '', 217, 1, 7, '', 1, 1),
(307, 'Libería SEHS', '', '', '', '', NULL, 0, 7, '', 1, 1),
(308, 'Internet Residencias Universitarias, Viviendas y WiFi', '', '', '', '', NULL, 0, 7, '', 1, 1),
(309, 'Viviendas(Barrio Amistad)', '11010104', '', '', '', 308, 1, 7, '', 1, 1),
(310, 'Viviendas VIP', '', '', '', '', NULL, 0, 7, '', 1, 1),
(311, 'Casa Rector UPeU - INSTITUCIONAL', '11010101', '', '', '', 310, 1, 7, '', 1, 1),
(312, 'Casa Gerente UPeU - INSTITUCIONAL', '11010101', '', '', '', 310, 1, 7, '', 1, 1),
(313, 'Imprenta Union', '3', '', '', '', NULL, 0, 7, '', 1, 0),
(314, 'Imprenta Union', '3', '', '', '', NULL, 0, 7, 'dgti-desarrollo', 1, 1),
(315, 'Oficina Administrativa', '12', '', '', '', NULL, 0, 8, 'fia-lamcomp', 2, 1),
(316, 'fff', '13', '', '', '', 315, 1, 8, '1211', 2, 1),
(317, 'prueba', '23134', '', '', '', NULL, 0, 7, '1', 1, 0),
(318, 'preuab 2', '', '', '', '', NULL, 0, 7, '', 1, 0),
(319, 'perua111', '', '', '', '', 318, 1, 7, '', 1, 1),
(320, '22222', '', '', '', '', 318, 1, 7, '', 1, 1),
(321, 'aaaa', '', '', '', '', 317, 1, 7, '', 1, 1),
(322, 'aaa', '', '', '', '', 317, 1, 7, '', 1, 1),
(323, 'aaa', '', '', '', '', 317, 1, 7, '', 1, 1),
(324, 'tt', '12', '', '', '', NULL, 0, 7, '123', 2, 0),
(325, 'areab', '', '', '', '', NULL, 0, 7, '', 1, 0),
(326, 'areab-2', '', '', '', '', 325, 1, 7, '', 1, 1),
(327, 'area 1 b', '', '', '', '', NULL, 0, 7, '', 1, 0),
(328, 'arear1', '', '', '', '', NULL, 0, 7, '', 1, 0),
(329, 'jjjj', '', '', '', '', 328, 1, 7, '', 1, 1),
(330, 'eee', '', '', '', '', 327, 1, 7, '', 1, 1),
(331, 'eee2', '', '', '', '', 324, 1, 7, '', 1, 1),
(332, 'nivel1a', '', '', '', '', NULL, 0, 7, '', 1, 0),
(333, 'nivel2a', '', '', '', '', 332, 1, 7, '', 1, 1),
(334, 'nivel1b', '', '', '', '', NULL, 0, 7, '', 1, 0),
(335, 'nivel2b', '', '', '', '', 334, 1, 7, '', 1, 1),
(336, 'nivel1c', '', '', '', '', NULL, 0, 7, '', 1, 0),
(337, 'nivel2c', '', '', '', '', 336, 1, 7, '', 1, 1),
(338, 'nivel1d', '', '', '', '', NULL, 0, 7, '', 1, 0),
(339, 'nivel2d', '', '', '', '', 338, 1, 7, '', 1, 1),
(340, 'NIVEL1E', '', '', '', '', NULL, 0, 7, '', 1, 0),
(341, 'NIVEL2E', '', '', '', '', 340, 1, 7, '', 1, 1),
(342, 'NIVL3E', '', '', '', '', 341, 2, 7, '', 1, 1),
(343, 'NIVEL4E', 'ctr4e', 'ctr4e', 'ctr4e', 'ctr4e', 342, 3, 7, 'i4e', 1, 1),
(344, 'NIVEL5E', 'CTR5E', 'CTR5E', 'CTR5E', 'CTR5E', 343, 4, 7, 'I5E', 2, 1),
(345, 'NIVEL3EB', '', '', '', '', 341, 2, 7, '', 1, 1),
(346, 'nivel4ebx', 'ctr4eb', 'ctr4eb', 'ctr4eb', 'ctr4eb', 342, 3, 7, 'i4eb', 1, 1),
(347, 'nivel5ey', '', '', '', '', 343, 4, 7, '', 1, 1),
(348, 'nivel5p', '', '', '', '', 346, 4, 7, '', 1, 1),
(349, 'nivel5p2', '', '', '', '', 346, 4, 7, '', 1, 1),
(350, 'nivel5p3', '', '', '', '', 346, 4, 7, '', 1, 1),
(351, '1', '', '', '', '', NULL, 0, 7, '', 1, 0),
(352, '2a', '', '', '', '', 351, 1, 7, '', 1, 1),
(353, '2b', '', '', '', '', 351, 1, 7, '', 1, 1),
(354, '3a', '', '', '', '', 353, 2, 7, '', 1, 1),
(355, '3b', '', '', '', '', 353, 2, 7, '', 1, 1),
(356, '3c', '', '', '', '', 353, 2, 7, '', 1, 1),
(357, '1x', '', '', '', '', NULL, 0, 7, '', 1, 1),
(358, '2x', '', '', '', '', 357, 1, 7, '', 1, 1),
(359, '3x', '', '', '', '', 358, 2, 7, '', 1, 1),
(360, '4x', 'ctr4', 'ctr4', 'ctr4', 'ctr4', 359, 3, 7, 'in4', 1, 1),
(361, '5xn', 'ctr5', 'ctr5', 'ctr5', 'ctr5', 360, 4, 7, 'i5', 2, 1),
(362, '5e', 'cr5e', 'cr5e', 'cr5e', 'cr5e', 360, 4, 7, 'ie', 1, 1),
(363, '5c', 'crc5', 'crc5', 'crc5', 'crc5', 360, 4, 7, 'ic', 1, 1),
(364, '1q', '', '', '', '', NULL, 0, 7, '', 1, 1),
(365, '2q', '', '', '', '', 364, 1, 7, '', 1, 1),
(366, '3q', '', '', '', '', 365, 2, 7, '', 1, 1),
(367, '4q', 'ctr4q', 'ctr4q', 'ctr4q', 'ctr4q', 366, 3, 7, 'i4q', 1, 1),
(368, '4f', 'ctr4f', 'ctr4f', 'ctr4f', 'ctr4f', 366, 3, 7, 'i4f', 1, 1),
(369, '3q2', '', '', '', '', 365, 2, 7, '', 1, 1),
(370, '4t', 'ctr4g', 'ctr4g', 'ctr4g', 'ctr4g', 369, 3, 7, 'i4', 1, 1),
(371, '5b', 'ctr5b', 'ctr5b', 'ctr5b', 'ctr5b', 370, 4, 7, 'i5b', 1, 1),
(372, '5z', 'ctr5', 'ctr5', 'ctr5', 'ctr5', 370, 4, 7, '5r2', 3, 1),
(373, 'Centro de Aplicaciòn', '', '', '', '', NULL, 0, 7, '', 1, 1),
(374, 'Producto Union', '', '', '', '', 373, 1, 7, '', 1, 1),
(375, 'Contabilidad', '', '', '', '', 374, 2, 7, '', 1, 1),
(376, 'Jefe de Contabilidad', '41', '41', '41', '41', 375, 3, 7, 'jefedecontabilidad', 2, 1),
(377, 'Asistente de Contabilidad', '12', '12', '12', '12', 375, 3, 7, 'asistenciadecontabilidad', 2, 1),
(378, 'Cobranzas', '', '', '', '', 374, 2, 7, '', 1, 1),
(379, 'Jefe de Cobranzas', '2', '2', '2', '2', 378, 3, 7, 'jefedecobranzas', 2, 1),
(380, 'Asistente de Cobranzas', '2', '2', '2', '2', 378, 3, 7, 'asistentedecobranzas', 2, 1),
(381, 'Area Administrativa', '', '', '', '', NULL, 0, 7, '', 1, 0),
(382, 'Area Administrativa', '', '', '', '', NULL, 0, 7, '', 1, 0),
(383, 'Area Administrativa', '', '', '', '', NULL, 0, 7, '', 1, 1),
(384, 'Oficinas Administrativas', '', '', '', '', 383, 1, 7, '', 1, 1),
(385, 'Administracion Rectorado', '', '', '', '', 384, 2, 7, '', 1, 1),
(386, 'Planificaciòn y Desarrollo', '2', '2', '2', '2', 385, 3, 7, 'planificacionydesarrollo', 2, 1),
(387, 'Extension y Proyeccion Social', '2', '2', '2', '2', 385, 3, 7, 'extensionyproyeccionsocial', 2, 1),
(388, 'Area Finanzas', '', '', '', '', NULL, 0, 7, '', 1, 1),
(389, 'Jefe de Areas', '', '', '', '', 388, 1, 7, '', 1, 1),
(390, 'Gerencia Financiera', '', '', '', '', 389, 2, 7, '', 1, 1),
(391, 'Area Academica', '', '', '', '', NULL, 0, 7, '', 1, 1),
(392, 'Facultades', '', '', '', '', 391, 1, 7, '', 1, 1),
(393, 'Facultad de Ciencias Empresariales', '', '', '', '', 392, 2, 7, '', 1, 1),
(394, 'Proedad-CDTIE', '', '', '', '', NULL, 0, 7, '', 1, 1),
(395, 'Proesad', '', '', '', '', 394, 1, 7, '', 1, 1),
(396, 'Proesad Lima', '', '', '', '', 395, 2, 7, '', 1, 1);

-- --------------------------------------------------------

--
-- Estructura de tabla para la tabla `area_has_contrato`
--

CREATE TABLE `area_has_contrato` (
  `idAREA_HAS_CONTRATO` int(11) NOT NULL,
  `idAREA` int(11) NOT NULL,
  `idCONTRATO` int(11) NOT NULL
) ENGINE=InnoDB DEFAULT CHARSET=latin1;

--
-- Volcado de datos para la tabla `area_has_contrato`
--

INSERT INTO `area_has_contrato` (`idAREA_HAS_CONTRATO`, `idAREA`, `idCONTRATO`) VALUES
(33, 46, 6),
(34, 68, 5),
(35, 72, 9),
(36, 93, 9),
(37, 82, 9),
(38, 76, 9),
(39, 96, 9),
(57, 315, 11),
(60, 212, 8),
(61, 152, 8),
(62, 195, 8),
(63, 140, 8),
(64, 256, 8),
(65, 264, 8),
(66, 314, 8),
(67, 308, 8),
(68, 217, 8),
(69, 307, 8),
(70, 253, 8),
(71, 104, 8),
(72, 310, 8),
(73, 261, 10),
(74, 257, 10),
(75, 69, 10),
(76, 88, 10),
(77, 364, 12),
(78, 357, 12);

-- --------------------------------------------------------

--
-- Estructura de tabla para la tabla `area_has_equipo`
--

CREATE TABLE `area_has_equipo` (
  `AREA_idAREA` int(11) NOT NULL,
  `Equipo_idEquipo` int(11) NOT NULL,
  `idAREA_has_Equipo` int(11) NOT NULL,
  `Cantidad` double DEFAULT NULL,
  `Estado` bit(1) DEFAULT NULL
) ENGINE=InnoDB DEFAULT CHARSET=latin1;

-- --------------------------------------------------------

--
-- Estructura de tabla para la tabla `consumo`
--

CREATE TABLE `consumo` (
  `idConsumo` int(11) NOT NULL,
  `num_comp` int(8) NOT NULL,
  `Mbps_Asignado` double DEFAULT NULL,
  `Porc_Mbps` double DEFAULT NULL,
  `Costo_Mbps` double DEFAULT NULL,
  `Porc_Acum` double DEFAULT NULL,
  `SubTotal` double DEFAULT NULL,
  `Fecha` date DEFAULT NULL,
  `idArea` int(11) NOT NULL,
  `Estado` bit(1) DEFAULT NULL
) ENGINE=InnoDB DEFAULT CHARSET=latin1;

--
-- Volcado de datos para la tabla `consumo`
--

INSERT INTO `consumo` (`idConsumo`, `num_comp`, `Mbps_Asignado`, `Porc_Mbps`, `Costo_Mbps`, `Porc_Acum`, `SubTotal`, `Fecha`, `idArea`, `Estado`) VALUES
(1, 0, NULL, 17, NULL, NULL, NULL, '2017-06-19', 3, NULL),
(2, 0, NULL, 33, NULL, NULL, NULL, '2017-06-19', 7, NULL),
(3, 0, NULL, 33, NULL, NULL, NULL, '2017-06-19', 8, NULL),
(4, 0, NULL, 50, NULL, NULL, NULL, '2017-06-19', 9, NULL),
(5, 0, NULL, 50, NULL, NULL, NULL, '2017-06-19', 14, NULL),
(6, 0, NULL, 33, NULL, NULL, NULL, '2017-06-19', 10, NULL),
(7, 0, NULL, 33, NULL, NULL, NULL, '2017-06-19', 11, NULL),
(8, 0, NULL, 33, NULL, NULL, NULL, '2017-06-19', 12, NULL),
(9, 0, NULL, 33, NULL, NULL, NULL, '2017-06-19', 13, NULL),
(10, 0, NULL, 17, NULL, NULL, NULL, '2017-06-19', 2, NULL),
(11, 0, NULL, 33, NULL, NULL, NULL, '2017-06-19', 15, NULL),
(12, 0, NULL, 33, NULL, NULL, NULL, '2017-06-19', 16, NULL),
(13, 0, NULL, 33, NULL, NULL, NULL, '2017-06-19', 17, NULL),
(14, 0, NULL, 17, NULL, NULL, NULL, '2017-06-19', 5, NULL),
(15, 0, NULL, 17, NULL, NULL, NULL, '2017-06-19', 6, NULL),
(16, 0, NULL, 17, NULL, NULL, NULL, '2017-06-19', 4, NULL),
(17, 0, NULL, 17, NULL, NULL, NULL, '2017-06-19', 1, NULL),
(18, 0, NULL, 33, NULL, NULL, NULL, '2017-06-19', 18, NULL),
(19, 0, NULL, 33, NULL, NULL, NULL, '2017-06-19', 20, NULL),
(20, 0, NULL, 33, NULL, NULL, NULL, '2017-06-19', 21, NULL),
(21, 0, NULL, 50, NULL, NULL, NULL, '2017-06-19', 22, NULL),
(22, 0, NULL, 50, NULL, NULL, NULL, '2017-06-19', 23, NULL),
(23, 0, 21, 15, NULL, NULL, 4503.52, '1999-09-17', 3, NULL),
(24, 0, 6.93, 33, NULL, NULL, 1486.16, '2007-02-16', 7, NULL),
(25, 0, 6.93, 33, NULL, NULL, 1486.16, '1994-03-02', 8, NULL),
(26, 0, 3.46, 50, NULL, NULL, 743.08, '2005-01-23', 9, NULL),
(27, 0, 3.46, 50, NULL, NULL, 743.08, '1982-10-12', 14, NULL),
(28, 0, 7.14, 34, NULL, NULL, 1531.2, '1993-03-13', 10, NULL),
(29, 0, 2.36, 33, NULL, NULL, 505.3, '1995-07-25', 11, NULL),
(30, 0, 2.36, 33, NULL, NULL, 505.3, '1995-12-19', 12, NULL),
(31, 0, 2.43, 34, NULL, NULL, 520.61, '1973-12-20', 13, NULL),
(32, 0, 23.8, 17, NULL, NULL, 5103.99, '2011-09-03', 2, NULL),
(33, 0, 7.85, 33, NULL, NULL, 1684.32, '1977-05-31', 15, NULL),
(34, 0, 7.85, 33, NULL, NULL, 1684.32, '2013-12-01', 16, NULL),
(35, 0, 8.09, 34, NULL, NULL, 1735.36, '2010-05-23', 17, NULL),
(36, 0, 23.8, 17, NULL, NULL, 5103.99, '2017-05-04', 5, NULL),
(37, 0, 23.8, 17, NULL, NULL, 5103.99, '1987-08-30', 6, NULL),
(38, 0, 23.8, 17, NULL, NULL, 5103.99, '1991-05-22', 4, NULL),
(39, 0, 23.8, 17, NULL, NULL, 5103.99, '1983-12-26', 1, NULL),
(40, 0, 7.85, 33, NULL, NULL, 1684.32, '2015-09-25', 18, NULL),
(41, 0, 7.85, 33, NULL, NULL, 1684.32, '1975-09-03', 20, NULL),
(42, 0, 8.09, 34, NULL, NULL, 1735.36, '1981-07-21', 21, NULL),
(43, 0, 4.04, 50, NULL, NULL, 867.68, '1997-11-03', 22, NULL),
(44, 0, 4.04, 50, NULL, NULL, 867.68, '2016-03-25', 23, NULL),
(45, 0, 21, 15, NULL, NULL, 4503.519, '1979-09-26', 3, NULL),
(46, 0, 6.93, 33, NULL, NULL, 1486.161, '2008-04-29', 7, NULL),
(47, 0, 6.93, 33, NULL, NULL, 1486.161, '1970-08-04', 8, NULL),
(48, 0, 3.46, 50, NULL, NULL, 743.081, '1976-03-29', 9, NULL),
(49, 0, 3.46, 50, NULL, NULL, 743.081, '2015-11-18', 14, NULL),
(50, 0, 7.14, 34, NULL, NULL, 1531.196, '2015-03-02', 10, NULL),
(51, 0, 2.36, 33, NULL, NULL, 505.295, '1991-04-04', 11, NULL),
(52, 0, 2.36, 33, NULL, NULL, 505.295, '1996-10-03', 12, NULL),
(53, 0, 2.43, 34, NULL, NULL, 520.607, '2007-03-27', 13, NULL),
(54, 0, 23.8, 17, NULL, NULL, 5103.988, '1978-01-11', 2, NULL),
(55, 0, 7.85, 33, NULL, NULL, 1684.316, '1996-12-25', 15, NULL),
(56, 0, 7.85, 33, NULL, NULL, 1684.316, '1974-04-12', 16, NULL),
(57, 0, 8.09, 34, NULL, NULL, 1735.356, '1995-08-04', 17, NULL),
(58, 0, 23.8, 17, NULL, NULL, 5103.988, '2009-08-20', 5, NULL),
(59, 0, 23.8, 17, NULL, NULL, 5103.988, '1972-01-31', 6, NULL),
(60, 0, 23.8, 17, NULL, NULL, 5103.988, '1976-12-09', 4, NULL),
(61, 0, 23.8, 17, NULL, NULL, 5103.988, '1977-03-20', 1, NULL),
(62, 0, 7.85, 33, NULL, NULL, 1684.316, '2011-06-06', 18, NULL),
(63, 0, 7.85, 33, NULL, NULL, 1684.316, '1970-05-30', 20, NULL),
(64, 0, 8.09, 34, NULL, NULL, 1735.356, '1974-05-04', 21, NULL),
(65, 0, 4.04, 50, NULL, NULL, 867.678, '1977-07-08', 22, NULL),
(66, 0, 4.04, 50, NULL, NULL, 867.678, '1979-10-18', 23, NULL),
(67, 0, 19.6, 14, NULL, NULL, 4203.284, '2002-11-05', 3, NULL),
(68, 0, 6.47, 33, NULL, NULL, 1387.084, '2014-01-18', 7, NULL),
(69, 0, 6.47, 33, NULL, NULL, 1387.084, '1993-05-01', 8, NULL),
(70, 0, 3.23, 50, NULL, NULL, 693.542, '1983-06-27', 9, NULL),
(71, 0, 3.23, 50, NULL, NULL, 693.542, '1970-06-15', 14, NULL),
(72, 0, 6.66, 34, NULL, NULL, 1429.117, '2000-07-24', 10, NULL),
(73, 0, 2.2, 33, NULL, NULL, 471.609, '1981-12-26', 11, NULL),
(74, 0, 2.2, 33, NULL, NULL, 471.609, '1997-10-04', 12, NULL),
(75, 0, 2.26, 34, NULL, NULL, 485.9, '1980-07-02', 13, NULL),
(76, 0, 22.4, 16, NULL, NULL, 4803.754, '1992-07-29', 2, NULL),
(77, 0, 7.39, 33, NULL, NULL, 1585.239, '2012-10-20', 15, NULL),
(78, 0, 7.39, 33, NULL, NULL, 1585.239, '2002-05-10', 16, NULL),
(79, 0, 7.62, 34, NULL, NULL, 1633.276, '1995-02-08', 17, NULL),
(80, 0, 14, 10, NULL, NULL, 3002.346, '1977-03-17', 5, NULL),
(81, 0, 14, 10, NULL, NULL, 3002.346, '2008-05-30', 6, NULL),
(82, 0, 14, 10, NULL, NULL, 3002.346, '2012-03-11', 4, NULL),
(83, 0, 56, 40, NULL, NULL, 12009.384, '2009-06-02', 1, NULL),
(84, 0, 18.48, 33, NULL, NULL, 3963.097, '1979-10-24', 18, NULL),
(85, 0, 18.48, 33, NULL, NULL, 3963.097, '1978-08-23', 20, NULL),
(86, 0, 19.04, 34, NULL, NULL, 4083.191, '1980-03-02', 21, NULL),
(87, 0, 9.52, 50, NULL, NULL, 2041.595, '1996-04-12', 22, NULL),
(88, 0, 9.52, 50, NULL, NULL, 2041.595, '1977-05-23', 23, NULL),
(89, 0, NULL, 33, NULL, NULL, NULL, '2017-06-19', 24, NULL),
(90, 0, NULL, 33, NULL, NULL, NULL, '2017-06-19', 25, NULL),
(91, 0, NULL, 33, NULL, NULL, NULL, '2017-06-19', 26, NULL),
(92, 0, NULL, 33, NULL, NULL, NULL, '2017-06-19', 27, NULL),
(93, 0, NULL, 33, NULL, NULL, NULL, '2017-06-19', 29, NULL),
(94, 0, NULL, 33, NULL, NULL, NULL, '2017-06-19', 28, NULL),
(95, 0, NULL, 14, NULL, NULL, NULL, '2017-06-20', 3, NULL),
(96, 0, NULL, 33, NULL, NULL, NULL, '2017-06-20', 7, NULL),
(97, 0, NULL, 33, NULL, NULL, NULL, '2017-06-20', 8, NULL),
(98, 0, NULL, 50, NULL, NULL, NULL, '2017-06-20', 9, NULL),
(99, 0, NULL, 50, NULL, NULL, NULL, '2017-06-20', 14, NULL),
(100, 0, NULL, 33, NULL, NULL, NULL, '2017-06-20', 10, NULL),
(101, 0, NULL, 33, NULL, NULL, NULL, '2017-06-20', 11, NULL),
(102, 0, NULL, 33, NULL, NULL, NULL, '2017-06-20', 12, NULL),
(103, 0, NULL, 33, NULL, NULL, NULL, '2017-06-20', 13, NULL),
(104, 0, NULL, 14, NULL, NULL, NULL, '2017-06-20', 2, NULL),
(105, 0, NULL, 33, NULL, NULL, NULL, '2017-06-20', 15, NULL),
(106, 0, NULL, 33, NULL, NULL, NULL, '2017-06-20', 16, NULL),
(107, 0, NULL, 33, NULL, NULL, NULL, '2017-06-20', 17, NULL),
(108, 0, NULL, 14, NULL, NULL, NULL, '2017-06-20', 5, NULL),
(109, 0, NULL, 14, NULL, NULL, NULL, '2017-06-20', 6, NULL),
(110, 0, NULL, 14, NULL, NULL, NULL, '2017-06-20', 4, NULL),
(111, 0, NULL, 14, NULL, NULL, NULL, '2017-06-20', 1, NULL),
(112, 0, NULL, 33, NULL, NULL, NULL, '2017-06-20', 18, NULL),
(113, 0, NULL, 100, NULL, NULL, NULL, '2017-06-20', 19, NULL),
(114, 0, NULL, 33, NULL, NULL, NULL, '2017-06-20', 20, NULL),
(115, 0, NULL, 33, NULL, NULL, NULL, '2017-06-20', 21, NULL),
(116, 0, NULL, 50, NULL, NULL, NULL, '2017-06-20', 22, NULL),
(117, 0, NULL, 50, NULL, NULL, NULL, '2017-06-20', 23, NULL),
(118, 0, NULL, 14, NULL, NULL, NULL, '2017-06-20', 24, NULL),
(119, 0, NULL, 33, NULL, NULL, NULL, '2017-06-20', 25, NULL),
(120, 0, NULL, 33, NULL, NULL, NULL, '2017-06-20', 26, NULL),
(121, 0, NULL, 33, NULL, NULL, NULL, '2017-06-20', 27, NULL),
(122, 0, NULL, 14, NULL, NULL, NULL, '2017-06-20', 3, NULL),
(123, 0, NULL, 33, NULL, NULL, NULL, '2017-06-20', 7, NULL),
(124, 0, NULL, 33, NULL, NULL, NULL, '2017-06-20', 8, NULL),
(125, 0, NULL, 50, NULL, NULL, NULL, '2017-06-20', 9, NULL),
(126, 0, NULL, 50, NULL, NULL, NULL, '2017-06-20', 14, NULL),
(127, 0, NULL, 33, NULL, NULL, NULL, '2017-06-20', 10, NULL),
(128, 0, NULL, 33, NULL, NULL, NULL, '2017-06-20', 11, NULL),
(129, 0, NULL, 33, NULL, NULL, NULL, '2017-06-20', 12, NULL),
(130, 0, NULL, 33, NULL, NULL, NULL, '2017-06-20', 13, NULL),
(131, 0, NULL, 14, NULL, NULL, NULL, '2017-06-20', 2, NULL),
(132, 0, NULL, 33, NULL, NULL, NULL, '2017-06-20', 15, NULL),
(133, 0, NULL, 33, NULL, NULL, NULL, '2017-06-20', 16, NULL),
(134, 0, NULL, 33, NULL, NULL, NULL, '2017-06-20', 17, NULL),
(135, 0, NULL, 14, NULL, NULL, NULL, '2017-06-20', 5, NULL),
(136, 0, NULL, 14, NULL, NULL, NULL, '2017-06-20', 6, NULL),
(137, 0, NULL, 14, NULL, NULL, NULL, '2017-06-20', 4, NULL),
(138, 0, NULL, 14, NULL, NULL, NULL, '2017-06-20', 1, NULL),
(139, 0, NULL, 33, NULL, NULL, NULL, '2017-06-20', 18, NULL),
(140, 0, NULL, 100, NULL, NULL, NULL, '2017-06-20', 19, NULL),
(141, 0, NULL, 33, NULL, NULL, NULL, '2017-06-20', 20, NULL),
(142, 0, NULL, 33, NULL, NULL, NULL, '2017-06-20', 21, NULL),
(143, 0, NULL, 50, NULL, NULL, NULL, '2017-06-20', 22, NULL),
(144, 0, NULL, 50, NULL, NULL, NULL, '2017-06-20', 23, NULL),
(145, 0, NULL, 14, NULL, NULL, NULL, '2017-06-20', 24, NULL),
(146, 0, NULL, 33, NULL, NULL, NULL, '2017-06-20', 25, NULL),
(147, 0, NULL, 33, NULL, NULL, NULL, '2017-06-20', 26, NULL),
(148, 0, NULL, 33, NULL, NULL, NULL, '2017-06-20', 27, NULL),
(149, 0, NULL, 100, NULL, NULL, NULL, '2017-06-20', 31, NULL),
(150, 0, NULL, 50, NULL, NULL, NULL, '2017-06-20', 32, NULL),
(151, 0, NULL, 50, NULL, NULL, NULL, '2017-06-20', 33, NULL),
(152, 0, NULL, 50, NULL, NULL, NULL, '2017-06-20', 29, NULL),
(153, 0, NULL, 50, NULL, NULL, NULL, '2017-06-20', 31, NULL),
(154, 0, NULL, 50, NULL, NULL, NULL, '2017-06-20', 32, NULL),
(155, 0, NULL, 50, NULL, NULL, NULL, '2017-06-20', 33, NULL),
(156, 0, NULL, 100, NULL, NULL, NULL, '2017-06-20', 34, NULL),
(157, 0, NULL, 20, NULL, NULL, NULL, '2017-06-20', 35, NULL),
(158, 0, NULL, 20, NULL, NULL, NULL, '2017-06-20', 36, NULL),
(159, 0, NULL, 20, NULL, NULL, NULL, '2017-06-20', 37, NULL),
(160, 0, NULL, 20, NULL, NULL, NULL, '2017-06-20', 38, NULL),
(161, 0, NULL, 20, NULL, NULL, NULL, '2017-06-20', 39, NULL),
(162, 0, 0, 100, NULL, NULL, 0, '1988-02-15', 34, NULL),
(163, 0, 0, 20, NULL, NULL, 0, '2006-04-15', 35, NULL),
(164, 0, 0, 20, NULL, NULL, 0, '1999-02-09', 36, NULL),
(165, 0, 0, 20, NULL, NULL, 0, '1987-10-09', 37, NULL),
(166, 0, 0, 20, NULL, NULL, 0, '1991-07-06', 38, NULL),
(167, 0, 0, 20, NULL, NULL, 0, '1977-10-30', 39, NULL),
(168, 0, 300, 100, NULL, NULL, 3186, '2016-11-15', 34, NULL),
(169, 0, 60, 20, NULL, NULL, 637.2, '1994-02-20', 35, NULL),
(170, 0, 60, 20, NULL, NULL, 637.2, '2000-07-26', 36, NULL),
(171, 0, 60, 20, NULL, NULL, 637.2, '2008-08-29', 37, NULL),
(172, 0, 60, 20, NULL, NULL, 637.2, '1976-06-02', 38, NULL),
(173, 0, 60, 20, NULL, NULL, 637.2, '2004-05-06', 39, NULL),
(174, 0, NULL, 17, NULL, NULL, NULL, '2017-06-20', 2, NULL),
(175, 0, NULL, 33, NULL, NULL, NULL, '2017-06-20', 15, NULL),
(176, 0, NULL, 33, NULL, NULL, NULL, '2017-06-20', 16, NULL),
(177, 0, NULL, 33, NULL, NULL, NULL, '2017-06-20', 17, NULL),
(178, 0, NULL, 17, NULL, NULL, NULL, '2017-06-20', 5, NULL),
(179, 0, NULL, 17, NULL, NULL, NULL, '2017-06-20', 6, NULL),
(180, 0, NULL, 17, NULL, NULL, NULL, '2017-06-20', 4, NULL),
(181, 0, NULL, 17, NULL, NULL, NULL, '2017-06-20', 1, NULL),
(182, 0, NULL, 33, NULL, NULL, NULL, '2017-06-20', 18, NULL),
(183, 0, NULL, 100, NULL, NULL, NULL, '2017-06-20', 19, NULL),
(184, 0, NULL, 33, NULL, NULL, NULL, '2017-06-20', 20, NULL),
(185, 0, NULL, 33, NULL, NULL, NULL, '2017-06-20', 21, NULL),
(186, 0, NULL, 50, NULL, NULL, NULL, '2017-06-20', 22, NULL),
(187, 0, NULL, 50, NULL, NULL, NULL, '2017-06-20', 23, NULL),
(188, 0, NULL, 17, NULL, NULL, NULL, '2017-06-20', 24, NULL),
(189, 0, NULL, 33, NULL, NULL, NULL, '2017-06-20', 25, NULL),
(190, 0, NULL, 33, NULL, NULL, NULL, '2017-06-20', 26, NULL),
(191, 0, NULL, 33, NULL, NULL, NULL, '2017-06-20', 27, NULL),
(192, 0, NULL, 50, NULL, NULL, NULL, '2017-06-20', 3, NULL),
(193, 0, NULL, 33, NULL, NULL, NULL, '2017-06-20', 7, NULL),
(194, 0, NULL, 33, NULL, NULL, NULL, '2017-06-20', 8, NULL),
(195, 0, NULL, 50, NULL, NULL, NULL, '2017-06-20', 9, NULL),
(196, 0, NULL, 50, NULL, NULL, NULL, '2017-06-20', 14, NULL),
(197, 0, NULL, 33, NULL, NULL, NULL, '2017-06-20', 10, NULL),
(198, 0, NULL, 33, NULL, NULL, NULL, '2017-06-20', 11, NULL),
(199, 0, NULL, 33, NULL, NULL, NULL, '2017-06-20', 12, NULL),
(200, 0, NULL, 33, NULL, NULL, NULL, '2017-06-20', 13, NULL),
(201, 0, NULL, 50, NULL, NULL, NULL, '2017-06-20', 34, NULL),
(202, 0, NULL, 20, NULL, NULL, NULL, '2017-06-20', 35, NULL),
(203, 0, NULL, 20, NULL, NULL, NULL, '2017-06-20', 36, NULL),
(204, 0, NULL, 20, NULL, NULL, NULL, '2017-06-20', 37, NULL),
(205, 0, NULL, 20, NULL, NULL, NULL, '2017-06-20', 38, NULL),
(206, 0, NULL, 20, NULL, NULL, NULL, '2017-06-20', 39, NULL),
(207, 0, NULL, 100, NULL, NULL, NULL, '2017-06-20', 34, NULL),
(208, 0, NULL, 20, NULL, NULL, NULL, '2017-06-20', 35, NULL),
(209, 0, NULL, 20, NULL, NULL, NULL, '2017-06-20', 36, NULL),
(210, 0, NULL, 20, NULL, NULL, NULL, '2017-06-20', 37, NULL),
(211, 0, NULL, 20, NULL, NULL, NULL, '2017-06-20', 38, NULL),
(212, 0, NULL, 20, NULL, NULL, NULL, '2017-06-20', 39, NULL),
(213, 0, 300, 100, NULL, NULL, 3186, '1970-08-15', 34, NULL),
(214, 0, 60, 20, NULL, NULL, 637.2, '1994-08-23', 35, NULL),
(215, 0, 60, 20, NULL, NULL, 637.2, '2000-03-16', 36, NULL),
(216, 0, 60, 20, NULL, NULL, 637.2, '2015-09-02', 37, NULL),
(217, 0, 60, 20, NULL, NULL, 637.2, '2004-06-30', 38, NULL),
(218, 0, 60, 20, NULL, NULL, 637.2, '1981-02-13', 39, NULL),
(219, 0, NULL, 50, NULL, NULL, NULL, '2017-06-20', 3, NULL),
(220, 0, NULL, 33, NULL, NULL, NULL, '2017-06-20', 7, NULL),
(221, 0, NULL, 33, NULL, NULL, NULL, '2017-06-20', 8, NULL),
(222, 0, NULL, 50, NULL, NULL, NULL, '2017-06-20', 9, NULL),
(223, 0, NULL, 50, NULL, NULL, NULL, '2017-06-20', 14, NULL),
(224, 0, NULL, 33, NULL, NULL, NULL, '2017-06-20', 10, NULL),
(225, 0, NULL, 33, NULL, NULL, NULL, '2017-06-20', 11, NULL),
(226, 0, NULL, 33, NULL, NULL, NULL, '2017-06-20', 12, NULL),
(227, 0, NULL, 33, NULL, NULL, NULL, '2017-06-20', 13, NULL),
(228, 0, NULL, 50, NULL, NULL, NULL, '2017-06-20', 34, NULL),
(229, 0, NULL, 20, NULL, NULL, NULL, '2017-06-20', 35, NULL),
(230, 0, NULL, 20, NULL, NULL, NULL, '2017-06-20', 36, NULL),
(231, 0, NULL, 20, NULL, NULL, NULL, '2017-06-20', 37, NULL),
(232, 0, NULL, 20, NULL, NULL, NULL, '2017-06-20', 38, NULL),
(233, 0, NULL, 20, NULL, NULL, NULL, '2017-06-20', 39, NULL),
(234, 0, 150, 50, NULL, NULL, 1593, '2015-05-29', 3, NULL),
(235, 0, 49.5, 33, NULL, NULL, 525.69, '1997-06-05', 7, NULL),
(236, 0, 49.5, 33, NULL, NULL, 525.69, '1974-07-04', 8, NULL),
(237, 0, 24.75, 50, NULL, NULL, 262.845, '1998-07-06', 9, NULL),
(238, 0, 24.75, 50, NULL, NULL, 262.845, '1993-09-19', 14, NULL),
(239, 0, 51, 34, NULL, NULL, 541.62, '1973-11-28', 10, NULL),
(240, 0, 16.83, 33, NULL, NULL, 178.735, '1998-05-30', 11, NULL),
(241, 0, 16.83, 33, NULL, NULL, 178.735, '2017-04-27', 12, NULL),
(242, 0, 17.34, 34, NULL, NULL, 184.151, '2005-07-01', 13, NULL),
(243, 0, 150, 50, NULL, NULL, 1593, '1982-02-16', 34, b'1'),
(244, 0, 30, 20, NULL, NULL, 318.6, '1997-09-26', 35, b'1'),
(245, 0, 30, 20, NULL, NULL, 318.6, '1970-12-19', 36, b'1'),
(246, 0, 30, 20, NULL, NULL, 318.6, '2004-09-23', 37, b'1'),
(247, 0, 30, 20, NULL, NULL, 318.6, '1988-12-29', 38, b'1'),
(248, 0, 30, 20, NULL, NULL, 318.6, '2003-07-02', 39, b'1'),
(249, 0, NULL, 33, NULL, NULL, NULL, '2017-06-20', 2, NULL),
(250, 0, NULL, 33, NULL, NULL, NULL, '2017-06-20', 15, NULL),
(251, 0, NULL, 33, NULL, NULL, NULL, '2017-06-20', 16, NULL),
(252, 0, NULL, 33, NULL, NULL, NULL, '2017-06-20', 17, NULL),
(253, 0, NULL, 33, NULL, NULL, NULL, '2017-06-20', 5, NULL),
(254, 0, NULL, 33, NULL, NULL, NULL, '2017-06-20', 6, NULL),
(255, 0, NULL, 17, NULL, NULL, NULL, '2017-06-20', 2, NULL),
(256, 0, NULL, 33, NULL, NULL, NULL, '2017-06-20', 15, NULL),
(257, 0, NULL, 33, NULL, NULL, NULL, '2017-06-20', 16, NULL),
(258, 0, NULL, 33, NULL, NULL, NULL, '2017-06-20', 17, NULL),
(259, 0, NULL, 17, NULL, NULL, NULL, '2017-06-20', 5, NULL),
(260, 0, NULL, 17, NULL, NULL, NULL, '2017-06-20', 6, NULL),
(261, 0, NULL, 17, NULL, NULL, NULL, '2017-06-20', 4, NULL),
(262, 0, NULL, 17, NULL, NULL, NULL, '2017-06-20', 1, NULL),
(263, 0, NULL, 33, NULL, NULL, NULL, '2017-06-20', 18, NULL),
(264, 0, NULL, 100, NULL, NULL, NULL, '2017-06-20', 19, NULL),
(265, 0, NULL, 33, NULL, NULL, NULL, '2017-06-20', 20, NULL),
(266, 0, NULL, 33, NULL, NULL, NULL, '2017-06-20', 21, NULL),
(267, 0, NULL, 50, NULL, NULL, NULL, '2017-06-20', 22, NULL),
(268, 0, NULL, 50, NULL, NULL, NULL, '2017-06-20', 23, NULL),
(269, 0, NULL, 17, NULL, NULL, NULL, '2017-06-20', 28, NULL),
(270, 0, NULL, 16.67, NULL, NULL, NULL, '2017-06-20', 2, NULL),
(271, 0, NULL, 33.33, NULL, NULL, NULL, '2017-06-20', 15, NULL),
(272, 0, NULL, 33.33, NULL, NULL, NULL, '2017-06-20', 16, NULL),
(273, 0, NULL, 33.34, NULL, NULL, NULL, '2017-06-20', 17, NULL),
(274, 0, NULL, 16.67, NULL, NULL, NULL, '2017-06-20', 5, NULL),
(275, 0, NULL, 16.67, NULL, NULL, NULL, '2017-06-20', 6, NULL),
(276, 0, NULL, 16.67, NULL, NULL, NULL, '2017-06-20', 4, NULL),
(277, 0, NULL, 16.67, NULL, NULL, NULL, '2017-06-20', 1, NULL),
(278, 0, NULL, 33.33, NULL, NULL, NULL, '2017-06-20', 18, NULL),
(279, 0, NULL, 100, NULL, NULL, NULL, '2017-06-20', 19, NULL),
(280, 0, NULL, 33.33, NULL, NULL, NULL, '2017-06-20', 20, NULL),
(281, 0, NULL, 33.34, NULL, NULL, NULL, '2017-06-20', 21, NULL),
(282, 0, NULL, 50, NULL, NULL, NULL, '2017-06-20', 22, NULL),
(283, 0, NULL, 50, NULL, NULL, NULL, '2017-06-20', 23, NULL),
(284, 0, NULL, 16.65, NULL, NULL, NULL, '2017-06-20', 28, NULL),
(285, 0, 23.34, 16.67, NULL, NULL, 5004.911, '1982-02-16', 2, NULL),
(286, 0, 7.78, 33.33, NULL, NULL, 1668.137, '1972-08-13', 15, NULL),
(287, 0, 7.78, 33.33, NULL, NULL, 1668.137, '2012-10-08', 16, NULL),
(288, 0, 7.78, 33.34, NULL, NULL, 1668.637, '1976-02-04', 17, NULL),
(289, 0, 23.34, 16.67, NULL, NULL, 5004.911, '2011-05-28', 5, NULL),
(290, 0, 23.34, 16.67, NULL, NULL, 5004.911, '1998-01-25', 6, NULL),
(291, 0, 23.34, 16.67, NULL, NULL, 5004.911, '2002-08-25', 4, NULL),
(292, 0, 23.34, 16.67, NULL, NULL, 5004.911, '1981-03-16', 1, NULL),
(293, 0, 7.78, 33.33, NULL, NULL, 1668.137, '2014-03-14', 18, NULL),
(294, 0, 7.78, 100, NULL, NULL, 1668.137, '2011-03-23', 19, NULL),
(295, 0, 7.78, 33.33, NULL, NULL, 1668.137, '1977-09-10', 20, NULL),
(296, 0, 7.78, 33.34, NULL, NULL, 1668.637, '1988-09-10', 21, NULL),
(297, 0, 3.89, 50, NULL, NULL, 834.318, '2003-05-09', 22, NULL),
(298, 0, 3.89, 50, NULL, NULL, 834.318, '2009-09-15', 23, NULL),
(299, 0, 23.31, 16.65, NULL, NULL, 4998.906, '1990-09-06', 28, NULL),
(300, 0, NULL, 33.33, NULL, NULL, NULL, '2017-06-20', 2, NULL),
(301, 0, NULL, 33.33, NULL, NULL, NULL, '2017-06-20', 15, NULL),
(302, 0, NULL, 33.33, NULL, NULL, NULL, '2017-06-20', 16, NULL),
(303, 0, NULL, 33.34, NULL, NULL, NULL, '2017-06-20', 17, NULL),
(304, 0, NULL, 33.33, NULL, NULL, NULL, '2017-06-20', 5, NULL),
(305, 0, NULL, 33.34, NULL, NULL, NULL, '2017-06-20', 6, NULL),
(306, 0, 46.66, 33.33, NULL, NULL, 10006.819, '1976-04-07', 2, NULL),
(307, 0, 15.55, 33.33, NULL, NULL, 3335.273, '1999-09-18', 15, NULL),
(308, 0, 15.55, 33.33, NULL, NULL, 3335.273, '2011-01-20', 16, NULL),
(309, 0, 15.56, 33.34, NULL, NULL, 3336.273, '1993-04-08', 17, NULL),
(310, 0, 46.66, 33.33, NULL, NULL, 10006.819, '1974-01-03', 5, NULL),
(311, 0, 46.68, 33.34, NULL, NULL, 10009.822, '1970-12-19', 6, NULL),
(312, 0, 46.66, 33.33, NULL, NULL, 10006.819, '2011-05-25', 2, NULL),
(313, 0, 15.55, 33.33, NULL, NULL, 3335.273, '2004-11-11', 15, NULL),
(314, 0, 15.55, 33.33, NULL, NULL, 3335.273, '1985-06-18', 16, NULL),
(315, 0, 15.56, 33.34, NULL, NULL, 3336.273, '1976-04-12', 17, NULL),
(316, 0, 46.66, 33.33, NULL, NULL, 10006.819, '1973-03-21', 5, NULL),
(317, 0, 46.68, 33.34, NULL, NULL, 10009.822, '1987-04-11', 6, NULL),
(318, 0, NULL, 14.29, NULL, NULL, NULL, '2017-06-20', 2, NULL),
(319, 0, NULL, 33.33, NULL, NULL, NULL, '2017-06-20', 15, NULL),
(320, 0, NULL, 33.33, NULL, NULL, NULL, '2017-06-20', 16, NULL),
(321, 0, NULL, 33.34, NULL, NULL, NULL, '2017-06-20', 17, NULL),
(322, 0, NULL, 14.29, NULL, NULL, NULL, '2017-06-20', 5, NULL),
(323, 0, NULL, 14.29, NULL, NULL, NULL, '2017-06-20', 6, NULL),
(324, 0, NULL, 14.29, NULL, NULL, NULL, '2017-06-20', 4, NULL),
(325, 0, NULL, 14.29, NULL, NULL, NULL, '2017-06-20', 1, NULL),
(326, 0, NULL, 33.33, NULL, NULL, NULL, '2017-06-20', 18, NULL),
(327, 0, NULL, 100, NULL, NULL, NULL, '2017-06-20', 19, NULL),
(328, 0, NULL, 33.33, NULL, NULL, NULL, '2017-06-20', 20, NULL),
(329, 0, NULL, 33.34, NULL, NULL, NULL, '2017-06-20', 21, NULL),
(330, 0, NULL, 50, NULL, NULL, NULL, '2017-06-20', 22, NULL),
(331, 0, NULL, 50, NULL, NULL, NULL, '2017-06-20', 23, NULL),
(332, 0, NULL, 14.29, NULL, NULL, NULL, '2017-06-20', 24, NULL),
(333, 0, NULL, 33.33, NULL, NULL, NULL, '2017-06-20', 25, NULL),
(334, 0, NULL, 33.33, NULL, NULL, NULL, '2017-06-20', 26, NULL),
(335, 0, NULL, 33.34, NULL, NULL, NULL, '2017-06-20', 27, NULL),
(336, 0, NULL, 14.26, NULL, NULL, NULL, '2017-06-20', 28, NULL),
(337, 0, 20.01, 14.29, NULL, NULL, 4290.352, '1983-02-26', 2, NULL),
(338, 0, 6.67, 33.33, NULL, NULL, 1429.974, '1979-07-19', 15, NULL),
(339, 0, 6.67, 33.33, NULL, NULL, 1429.974, '2001-03-03', 16, NULL),
(340, 0, 6.67, 33.34, NULL, NULL, 1430.403, '1979-04-09', 17, NULL),
(341, 0, 20.01, 14.29, NULL, NULL, 4290.352, '1993-10-10', 5, NULL),
(342, 0, 20.01, 14.29, NULL, NULL, 4290.352, '2000-05-26', 6, NULL),
(343, 0, 20.01, 14.29, NULL, NULL, 4290.352, '2003-11-07', 4, NULL),
(344, 0, 20.01, 14.29, NULL, NULL, 4290.352, '2009-04-16', 1, NULL),
(345, 0, 6.67, 33.33, NULL, NULL, 1429.974, '2003-06-19', 18, NULL),
(346, 0, 6.67, 100, NULL, NULL, 1429.974, '1998-05-17', 19, NULL),
(347, 0, 6.67, 33.33, NULL, NULL, 1429.974, '1992-04-26', 20, NULL),
(348, 0, 6.67, 33.34, NULL, NULL, 1430.403, '2001-06-08', 21, NULL),
(349, 0, 3.33, 50, NULL, NULL, 715.202, '2005-10-30', 22, NULL),
(350, 0, 3.33, 50, NULL, NULL, 715.202, '2009-08-15', 23, NULL),
(351, 0, 20.01, 14.29, NULL, NULL, 4290.352, '2005-06-05', 24, NULL),
(352, 0, 6.67, 33.33, NULL, NULL, 1429.974, '1973-09-24', 25, NULL),
(353, 0, 6.67, 33.33, NULL, NULL, 1429.974, '1992-03-02', 26, NULL),
(354, 0, 6.67, 33.34, NULL, NULL, 1430.403, '1980-06-30', 27, NULL),
(355, 0, 19.96, 14.26, NULL, NULL, 4281.345, '1980-12-16', 28, NULL),
(356, 0, 20.01, 14.29, NULL, NULL, 4290.352, '1987-05-01', 2, NULL),
(357, 0, 6.67, 33.33, NULL, NULL, 1429.974, '2004-04-02', 15, NULL),
(358, 0, 6.67, 33.33, NULL, NULL, 1429.974, '1970-10-26', 16, NULL),
(359, 0, 6.67, 33.34, NULL, NULL, 1430.403, '1981-08-18', 17, NULL),
(360, 0, 20.01, 14.29, NULL, NULL, 4290.352, '1974-08-02', 5, NULL),
(361, 0, 20.01, 14.29, NULL, NULL, 4290.352, '1988-12-18', 6, NULL),
(362, 0, 20.01, 14.29, NULL, NULL, 4290.352, '1974-07-10', 4, NULL),
(363, 0, 20.01, 14.29, NULL, NULL, 4290.352, '1976-01-11', 1, NULL),
(364, 0, 6.67, 33.33, NULL, NULL, 1429.974, '2013-10-23', 18, NULL),
(365, 0, 6.67, 100, NULL, NULL, 1429.974, '1984-04-16', 19, NULL),
(366, 0, 6.67, 33.33, NULL, NULL, 1429.974, '2004-05-20', 20, NULL),
(367, 0, 6.67, 33.34, NULL, NULL, 1430.403, '2016-12-29', 21, NULL),
(368, 0, 3.33, 50, NULL, NULL, 715.202, '1996-09-08', 22, NULL),
(369, 0, 3.33, 50, NULL, NULL, 715.202, '1974-08-06', 23, NULL),
(370, 0, 20.01, 14.29, NULL, NULL, 4290.352, '1973-09-19', 24, NULL),
(371, 0, 6.67, 33.33, NULL, NULL, 1429.974, '2007-07-18', 25, NULL),
(372, 0, 6.67, 33.33, NULL, NULL, 1429.974, '1998-07-21', 26, NULL),
(373, 0, 6.67, 33.34, NULL, NULL, 1430.403, '1988-10-23', 27, NULL),
(374, 0, 19.96, 14.26, NULL, NULL, 4281.345, '1997-09-04', 28, b'1'),
(375, 0, NULL, 20, NULL, NULL, NULL, '2017-06-20', 2, NULL),
(376, 0, NULL, 33.33, NULL, NULL, NULL, '2017-06-20', 15, NULL),
(377, 0, NULL, 33.33, NULL, NULL, NULL, '2017-06-20', 16, NULL),
(378, 0, NULL, 33.34, NULL, NULL, NULL, '2017-06-20', 17, NULL),
(379, 0, NULL, 20, NULL, NULL, NULL, '2017-06-20', 5, NULL),
(380, 0, NULL, 20, NULL, NULL, NULL, '2017-06-20', 6, NULL),
(381, 0, NULL, 20, NULL, NULL, NULL, '2017-06-20', 4, NULL),
(382, 0, NULL, 20, NULL, NULL, NULL, '2017-06-20', 1, NULL),
(383, 0, NULL, 33.33, NULL, NULL, NULL, '2017-06-20', 18, NULL),
(384, 0, NULL, 100, NULL, NULL, NULL, '2017-06-20', 19, NULL),
(385, 0, NULL, 33.33, NULL, NULL, NULL, '2017-06-20', 20, NULL),
(386, 0, NULL, 33.34, NULL, NULL, NULL, '2017-06-20', 21, NULL),
(387, 0, NULL, 50, NULL, NULL, NULL, '2017-06-20', 22, NULL),
(388, 0, NULL, 50, NULL, NULL, NULL, '2017-06-20', 23, NULL),
(389, 0, 28, 20, NULL, NULL, 6004.692, '1994-11-24', 2, NULL),
(390, 0, 9.33, 33.33, NULL, NULL, 2001.364, '1996-08-07', 15, NULL),
(391, 0, 9.33, 33.33, NULL, NULL, 2001.364, '1994-11-24', 16, NULL),
(392, 0, 9.34, 33.34, NULL, NULL, 2001.964, '2009-02-09', 17, NULL),
(393, 0, 28, 20, NULL, NULL, 6004.692, '1980-02-11', 5, NULL),
(394, 0, 28, 20, NULL, NULL, 6004.692, '1996-11-10', 6, NULL),
(395, 0, 28, 20, NULL, NULL, 6004.692, '1987-08-30', 4, NULL),
(396, 0, 28, 20, NULL, NULL, 6004.692, '1989-09-13', 1, NULL),
(397, 0, 9.33, 33.33, NULL, NULL, 2001.364, '2010-07-10', 18, NULL),
(398, 0, 9.33, 100, NULL, NULL, 2001.364, '2008-08-19', 19, NULL),
(399, 0, 9.33, 33.33, NULL, NULL, 2001.364, '1983-11-25', 20, NULL),
(400, 0, 9.34, 33.34, NULL, NULL, 2001.964, '1988-02-18', 21, NULL),
(401, 0, 4.67, 50, NULL, NULL, 1000.982, '1976-07-11', 22, NULL),
(402, 0, 4.67, 50, NULL, NULL, 1000.982, '2015-03-06', 23, NULL),
(403, 0, 75, 50, NULL, NULL, 2183, '2013-06-03', 29, b'1'),
(404, 0, 75, 50, NULL, NULL, 2183, '1971-07-31', 31, b'1'),
(405, 0, 37.5, 50, NULL, NULL, 1091.5, '2007-01-11', 32, b'1'),
(406, 0, 37.5, 50, NULL, NULL, 1091.5, '2008-09-29', 33, b'1'),
(407, 0, NULL, 100, NULL, NULL, NULL, '2017-06-20', 24, NULL),
(408, 0, NULL, 33.33, NULL, NULL, NULL, '2017-06-20', 25, NULL),
(409, 0, NULL, 33.33, NULL, NULL, NULL, '2017-06-20', 26, NULL),
(410, 0, NULL, 33.34, NULL, NULL, NULL, '2017-06-20', 27, NULL),
(411, 0, 100, 100, NULL, NULL, 2360, '2008-08-01', 24, b'1'),
(412, 0, 33.33, 33.33, NULL, NULL, 786.588, '1976-06-12', 25, b'1'),
(413, 0, 33.33, 33.33, NULL, NULL, 786.588, '1980-07-06', 26, b'1'),
(414, 0, 33.34, 33.34, NULL, NULL, 786.824, '1979-12-03', 27, b'1'),
(415, 0, 28, 20, NULL, NULL, 6004.692, '1972-06-25', 2, NULL),
(416, 0, 9.33, 33.33, NULL, NULL, 2001.364, '1975-06-08', 15, NULL),
(417, 0, 9.33, 33.33, NULL, NULL, 2001.364, '1986-11-05', 16, NULL),
(418, 0, 9.34, 33.34, NULL, NULL, 2001.964, '2011-04-14', 17, NULL),
(419, 0, 28, 20, NULL, NULL, 6004.692, '2007-12-02', 5, NULL),
(420, 0, 28, 20, NULL, NULL, 6004.692, '1983-09-20', 6, NULL),
(421, 0, 28, 20, NULL, NULL, 6004.692, '2005-12-06', 4, NULL),
(422, 0, 28, 20, NULL, NULL, 6004.692, '1987-05-05', 1, NULL),
(423, 0, 9.33, 33.33, NULL, NULL, 2001.364, '2006-08-17', 18, NULL),
(424, 0, 9.33, 100, NULL, NULL, 2001.364, '1974-10-21', 19, NULL),
(425, 0, 9.33, 33.33, NULL, NULL, 2001.364, '2010-07-05', 20, NULL),
(426, 0, 9.34, 33.34, NULL, NULL, 2001.964, '2000-11-01', 21, NULL),
(427, 0, 4.67, 50, NULL, NULL, 1000.982, '1994-11-27', 22, NULL),
(428, 0, 4.67, 50, NULL, NULL, 1000.982, '1989-12-09', 23, NULL),
(429, 0, 28, 20, NULL, NULL, 6004.692, '1989-05-27', 2, NULL),
(430, 0, 9.33, 33.33, NULL, NULL, 2001.364, '1994-02-17', 15, NULL),
(431, 0, 9.33, 33.33, NULL, NULL, 2001.364, '2008-07-16', 16, NULL),
(432, 0, 9.34, 33.34, NULL, NULL, 2001.964, '1982-10-08', 17, NULL),
(433, 0, 28, 20, NULL, NULL, 6004.692, '1986-09-19', 5, NULL),
(434, 0, 28, 20, NULL, NULL, 6004.692, '2012-02-25', 6, NULL),
(435, 0, 28, 20, NULL, NULL, 6004.692, '2006-04-16', 4, NULL),
(436, 0, 28, 20, NULL, NULL, 6004.692, '1982-01-05', 1, NULL),
(437, 0, 9.33, 33.33, NULL, NULL, 2001.364, '1974-07-17', 18, NULL),
(438, 0, 9.33, 100, NULL, NULL, 2001.364, '1998-10-05', 19, NULL),
(439, 0, 9.33, 33.33, NULL, NULL, 2001.364, '2001-05-05', 20, NULL),
(440, 0, 9.34, 33.34, NULL, NULL, 2001.964, '1987-10-17', 21, NULL),
(441, 0, 4.67, 50, NULL, NULL, 1000.982, '1971-06-06', 22, NULL),
(442, 0, 4.67, 50, NULL, NULL, 1000.982, '2001-09-15', 23, NULL),
(443, 0, NULL, 50, NULL, NULL, NULL, '2017-06-20', 41, NULL),
(444, 0, NULL, 100, NULL, NULL, NULL, '2017-06-20', 45, NULL),
(445, 0, NULL, 50, NULL, NULL, NULL, '2017-06-20', 42, NULL),
(446, 0, NULL, 50, NULL, NULL, NULL, '2017-06-20', 43, NULL),
(447, 0, NULL, 50, NULL, NULL, NULL, '2017-06-20', 44, NULL),
(448, 0, 150, 50, NULL, NULL, 1593, '1988-08-18', 41, b'1'),
(449, 0, 150, 100, NULL, NULL, 1593, '2013-04-06', 45, b'1'),
(450, 0, 150, 50, NULL, NULL, 1593, '1977-05-27', 42, b'1'),
(451, 0, 75, 50, NULL, NULL, 796.5, '1972-07-23', 43, b'1'),
(452, 0, 75, 50, NULL, NULL, 796.5, '1973-04-19', 44, b'1'),
(453, 0, NULL, 16.67, NULL, NULL, NULL, '2017-06-20', 3, NULL),
(454, 0, NULL, 33.33, NULL, NULL, NULL, '2017-06-20', 7, NULL),
(455, 0, NULL, 33.33, NULL, NULL, NULL, '2017-06-20', 8, NULL),
(456, 0, NULL, 50, NULL, NULL, NULL, '2017-06-20', 9, NULL),
(457, 0, NULL, 50, NULL, NULL, NULL, '2017-06-20', 14, NULL),
(458, 0, NULL, 33.34, NULL, NULL, NULL, '2017-06-20', 10, NULL),
(459, 0, NULL, 33.33, NULL, NULL, NULL, '2017-06-20', 11, NULL),
(460, 0, NULL, 33.33, NULL, NULL, NULL, '2017-06-20', 12, NULL),
(461, 0, NULL, 33.34, NULL, NULL, NULL, '2017-06-20', 13, NULL),
(462, 0, NULL, 16.67, NULL, NULL, NULL, '2017-06-20', 2, NULL),
(463, 0, NULL, 33.33, NULL, NULL, NULL, '2017-06-20', 15, NULL),
(464, 0, NULL, 33.33, NULL, NULL, NULL, '2017-06-20', 16, NULL),
(465, 0, NULL, 33.34, NULL, NULL, NULL, '2017-06-20', 17, NULL),
(466, 0, NULL, 16.67, NULL, NULL, NULL, '2017-06-20', 5, NULL),
(467, 0, NULL, 16.67, NULL, NULL, NULL, '2017-06-20', 6, NULL),
(468, 0, NULL, 16.67, NULL, NULL, NULL, '2017-06-20', 4, NULL),
(469, 0, NULL, 16.65, NULL, NULL, NULL, '2017-06-20', 1, NULL),
(470, 0, NULL, 33.33, NULL, NULL, NULL, '2017-06-20', 18, NULL),
(471, 0, NULL, 100, NULL, NULL, NULL, '2017-06-20', 19, NULL),
(472, 0, NULL, 33.33, NULL, NULL, NULL, '2017-06-20', 20, NULL),
(473, 0, NULL, 33.34, NULL, NULL, NULL, '2017-06-20', 21, NULL),
(474, 0, NULL, 50, NULL, NULL, NULL, '2017-06-20', 22, NULL),
(475, 0, NULL, 50, NULL, NULL, NULL, '2017-06-20', 23, NULL),
(476, 0, 23.34, 16.67, NULL, NULL, 5004.911, '1984-11-24', 3, b'1'),
(477, 0, 7.78, 33.33, NULL, NULL, 1668.137, '2004-01-22', 7, b'1'),
(478, 0, 7.78, 33.33, NULL, NULL, 1668.137, '1993-12-24', 8, b'1'),
(479, 0, 3.89, 50, NULL, NULL, 834.068, '2012-02-18', 9, b'1'),
(480, 0, 3.89, 50, NULL, NULL, 834.068, '1970-02-26', 14, b'1'),
(481, 0, 7.78, 33.34, NULL, NULL, 1668.637, '2007-11-03', 10, b'1'),
(482, 0, 2.59, 33.33, NULL, NULL, 556.157, '2007-09-25', 11, b'1'),
(483, 0, 2.59, 33.33, NULL, NULL, 556.157, '2005-02-22', 12, b'1'),
(484, 0, 2.59, 33.34, NULL, NULL, 556.324, '1971-03-07', 13, b'1'),
(485, 0, 23.34, 16.67, NULL, NULL, 5004.911, '1997-08-04', 2, b'1'),
(486, 0, 7.78, 33.33, NULL, NULL, 1668.137, '2008-07-07', 15, b'1'),
(487, 0, 7.78, 33.33, NULL, NULL, 1668.137, '2001-07-30', 16, b'1'),
(488, 0, 7.78, 33.34, NULL, NULL, 1668.637, '1984-02-11', 17, b'1'),
(489, 0, 23.34, 16.67, NULL, NULL, 5004.911, '1990-05-08', 5, b'1'),
(490, 0, 23.34, 16.67, NULL, NULL, 5004.911, '1978-01-22', 6, b'1'),
(491, 0, 23.34, 16.67, NULL, NULL, 5004.911, '2007-07-18', 4, b'1'),
(492, 0, 23.31, 16.65, NULL, NULL, 4998.906, '1979-01-16', 1, b'1'),
(493, 0, 7.77, 33.33, NULL, NULL, 1666.135, '2006-05-10', 18, b'1'),
(494, 0, 7.77, 100, NULL, NULL, 1666.135, '1982-06-01', 19, b'1'),
(495, 0, 7.77, 33.33, NULL, NULL, 1666.135, '2005-01-09', 20, b'1'),
(496, 0, 7.77, 33.34, NULL, NULL, 1666.635, '1979-06-12', 21, b'1'),
(497, 0, 3.88, 50, NULL, NULL, 833.317, '1979-08-30', 22, b'1'),
(498, 0, 3.88, 50, NULL, NULL, 833.317, '2002-11-13', 23, b'1'),
(499, 0, NULL, 100, NULL, NULL, NULL, '2017-06-20', 46, NULL),
(500, 0, NULL, 4.76, NULL, NULL, NULL, '2017-06-20', 47, NULL),
(501, 0, NULL, 4.76, NULL, NULL, NULL, '2017-06-20', 48, NULL),
(502, 0, NULL, 4.76, NULL, NULL, NULL, '2017-06-20', 49, NULL),
(503, 0, NULL, 4.76, NULL, NULL, NULL, '2017-06-20', 50, NULL),
(504, 0, NULL, 4.76, NULL, NULL, NULL, '2017-06-20', 51, NULL),
(505, 0, NULL, 4.76, NULL, NULL, NULL, '2017-06-20', 52, NULL),
(506, 0, NULL, 4.76, NULL, NULL, NULL, '2017-06-20', 53, NULL),
(507, 0, NULL, 4.76, NULL, NULL, NULL, '2017-06-20', 54, NULL),
(508, 0, NULL, 4.76, NULL, NULL, NULL, '2017-06-20', 55, NULL),
(509, 0, NULL, 4.76, NULL, NULL, NULL, '2017-06-20', 56, NULL),
(510, 0, NULL, 4.76, NULL, NULL, NULL, '2017-06-20', 57, NULL),
(511, 0, NULL, 4.76, NULL, NULL, NULL, '2017-06-20', 58, NULL),
(512, 0, NULL, 4.76, NULL, NULL, NULL, '2017-06-20', 59, NULL),
(513, 0, NULL, 4.76, NULL, NULL, NULL, '2017-06-20', 60, NULL),
(514, 0, NULL, 4.76, NULL, NULL, NULL, '2017-06-20', 61, NULL),
(515, 0, NULL, 4.76, NULL, NULL, NULL, '2017-06-20', 62, NULL),
(516, 0, NULL, 4.76, NULL, NULL, NULL, '2017-06-20', 63, NULL),
(517, 0, NULL, 4.76, NULL, NULL, NULL, '2017-06-20', 64, NULL),
(518, 0, NULL, 4.76, NULL, NULL, NULL, '2017-06-20', 65, NULL),
(519, 0, NULL, 4.76, NULL, NULL, NULL, '2017-06-20', 66, NULL),
(520, 0, NULL, 4.8, NULL, NULL, NULL, '2017-06-20', 67, NULL),
(521, 0, 100, 100, NULL, NULL, 7221.6, '1988-07-19', 46, NULL),
(522, 0, 4.76, 4.76, NULL, NULL, 343.748, '1971-09-26', 47, NULL),
(523, 0, 4.76, 4.76, NULL, NULL, 343.748, '2012-03-26', 48, NULL),
(524, 0, 4.76, 4.76, NULL, NULL, 343.748, '1970-08-08', 49, NULL),
(525, 0, 4.76, 4.76, NULL, NULL, 343.748, '1983-05-03', 50, NULL),
(526, 0, 4.76, 4.76, NULL, NULL, 343.748, '1973-04-09', 51, NULL),
(527, 0, 4.76, 4.76, NULL, NULL, 343.748, '2012-10-29', 52, NULL),
(528, 0, 4.76, 4.76, NULL, NULL, 343.748, '1986-03-18', 53, NULL),
(529, 0, 4.76, 4.76, NULL, NULL, 343.748, '1991-08-13', 54, NULL),
(530, 0, 4.76, 4.76, NULL, NULL, 343.748, '2003-06-29', 55, NULL),
(531, 0, 4.76, 4.76, NULL, NULL, 343.748, '1996-03-06', 56, NULL),
(532, 0, 4.76, 4.76, NULL, NULL, 343.748, '2009-12-01', 57, NULL),
(533, 0, 4.76, 4.76, NULL, NULL, 343.748, '1997-04-25', 58, NULL),
(534, 0, 4.76, 4.76, NULL, NULL, 343.748, '1976-03-01', 59, NULL),
(535, 0, 4.76, 4.76, NULL, NULL, 343.748, '1991-09-18', 60, NULL),
(536, 0, 4.76, 4.76, NULL, NULL, 343.748, '2014-01-04', 61, NULL),
(537, 0, 4.76, 4.76, NULL, NULL, 343.748, '1987-08-25', 62, NULL),
(538, 0, 4.76, 4.76, NULL, NULL, 343.748, '1987-06-17', 63, NULL),
(539, 0, 4.76, 4.76, NULL, NULL, 343.748, '2005-06-09', 64, NULL),
(540, 0, 4.76, 4.76, NULL, NULL, 343.748, '2010-09-07', 65, NULL),
(541, 0, 4.76, 4.76, NULL, NULL, 343.748, '2008-01-20', 66, NULL),
(542, 0, 4.8, 4.8, NULL, NULL, 346.637, '2004-08-12', 67, NULL),
(543, 0, NULL, 100, NULL, NULL, NULL, '2017-06-20', 46, NULL),
(544, 0, NULL, 4.76, NULL, NULL, NULL, '2017-06-20', 47, NULL),
(545, 0, NULL, 4.76, NULL, NULL, NULL, '2017-06-20', 48, NULL),
(546, 0, NULL, 4.76, NULL, NULL, NULL, '2017-06-20', 49, NULL),
(547, 0, NULL, 4.76, NULL, NULL, NULL, '2017-06-20', 50, NULL),
(548, 0, NULL, 4.76, NULL, NULL, NULL, '2017-06-20', 51, NULL),
(549, 0, NULL, 4.76, NULL, NULL, NULL, '2017-06-20', 52, NULL),
(550, 0, NULL, 4.76, NULL, NULL, NULL, '2017-06-20', 53, NULL),
(551, 0, NULL, 4.76, NULL, NULL, NULL, '2017-06-20', 54, NULL),
(552, 0, NULL, 4.76, NULL, NULL, NULL, '2017-06-20', 55, NULL),
(553, 0, NULL, 4.76, NULL, NULL, NULL, '2017-06-20', 56, NULL),
(554, 0, NULL, 4.76, NULL, NULL, NULL, '2017-06-20', 57, NULL),
(555, 0, NULL, 4.76, NULL, NULL, NULL, '2017-06-20', 58, NULL),
(556, 0, NULL, 4.76, NULL, NULL, NULL, '2017-06-20', 59, NULL),
(557, 0, NULL, 4.76, NULL, NULL, NULL, '2017-06-20', 60, NULL),
(558, 0, NULL, 4.76, NULL, NULL, NULL, '2017-06-20', 61, NULL),
(559, 0, NULL, 4.76, NULL, NULL, NULL, '2017-06-20', 62, NULL),
(560, 0, NULL, 4.76, NULL, NULL, NULL, '2017-06-20', 63, NULL),
(561, 0, NULL, 4.76, NULL, NULL, NULL, '2017-06-20', 64, NULL),
(562, 0, NULL, 4.76, NULL, NULL, NULL, '2017-06-20', 65, NULL),
(563, 0, NULL, 4.76, NULL, NULL, NULL, '2017-06-20', 66, NULL),
(564, 0, NULL, 4.8, NULL, NULL, NULL, '2017-06-20', 67, NULL),
(565, 0, NULL, 100, NULL, NULL, NULL, '2017-06-20', 68, NULL),
(566, 0, 0, 100, NULL, NULL, 0, '2015-12-03', 68, b'1'),
(567, 0, 100, 100, NULL, NULL, 7221.6, '1996-12-29', 46, b'1'),
(568, 0, 4.76, 4.76, NULL, NULL, 343.748, '1974-06-21', 47, b'1'),
(569, 0, 4.76, 4.76, NULL, NULL, 343.748, '1979-06-20', 48, b'1'),
(570, 0, 4.76, 4.76, NULL, NULL, 343.748, '1988-02-24', 49, b'1'),
(571, 0, 4.76, 4.76, NULL, NULL, 343.748, '1991-04-08', 50, b'1'),
(572, 0, 4.76, 4.76, NULL, NULL, 343.748, '1999-11-08', 51, b'1'),
(573, 0, 4.76, 4.76, NULL, NULL, 343.748, '2016-05-23', 52, b'1'),
(574, 0, 4.76, 4.76, NULL, NULL, 343.748, '1997-05-26', 53, b'1'),
(575, 0, 4.76, 4.76, NULL, NULL, 343.748, '1982-08-06', 54, b'1'),
(576, 0, 4.76, 4.76, NULL, NULL, 343.748, '2005-04-23', 55, b'1'),
(577, 0, 4.76, 4.76, NULL, NULL, 343.748, '2009-12-18', 56, b'1'),
(578, 0, 4.76, 4.76, NULL, NULL, 343.748, '2002-08-05', 57, b'1'),
(579, 0, 4.76, 4.76, NULL, NULL, 343.748, '1990-03-01', 58, b'1'),
(580, 0, 4.76, 4.76, NULL, NULL, 343.748, '1989-07-11', 59, b'1'),
(581, 0, 4.76, 4.76, NULL, NULL, 343.748, '1977-08-21', 60, b'1'),
(582, 0, 4.76, 4.76, NULL, NULL, 343.748, '1979-04-03', 61, b'1'),
(583, 0, 4.76, 4.76, NULL, NULL, 343.748, '1998-02-07', 62, b'1'),
(584, 0, 4.76, 4.76, NULL, NULL, 343.748, '2003-08-30', 63, b'1'),
(585, 0, 4.76, 4.76, NULL, NULL, 343.748, '2010-05-14', 64, b'1'),
(586, 0, 4.76, 4.76, NULL, NULL, 343.748, '1993-09-22', 65, b'1'),
(587, 0, 4.76, 4.76, NULL, NULL, 343.748, '1998-02-06', 66, b'1'),
(588, 0, 4.8, 4.8, NULL, NULL, 346.637, '1981-01-08', 67, b'1'),
(589, 0, NULL, 12.5, NULL, NULL, NULL, '2017-06-25', 72, NULL),
(590, 0, NULL, 12.5, NULL, NULL, NULL, '2017-06-25', 74, NULL),
(591, 0, NULL, 100, NULL, NULL, NULL, '2017-06-25', 75, NULL),
(592, 0, NULL, 12.5, NULL, NULL, NULL, '2017-06-25', 73, NULL),
(593, 0, NULL, 12.5, NULL, NULL, NULL, '2017-06-25', 69, NULL),
(594, 0, NULL, 50, NULL, NULL, NULL, '2017-06-25', 70, NULL),
(595, 0, NULL, 50, NULL, NULL, NULL, '2017-06-25', 71, NULL),
(596, 0, NULL, 12.5, NULL, NULL, NULL, '2017-06-25', 82, NULL),
(597, 0, NULL, 25, NULL, NULL, NULL, '2017-06-25', 83, NULL),
(598, 0, NULL, 25, NULL, NULL, NULL, '2017-06-25', 84, NULL),
(599, 0, NULL, 25, NULL, NULL, NULL, '2017-06-25', 85, NULL),
(600, 0, NULL, 25, NULL, NULL, NULL, '2017-06-25', 87, NULL),
(601, 0, NULL, 12.5, NULL, NULL, NULL, '2017-06-25', 76, NULL),
(602, 0, NULL, 20, NULL, NULL, NULL, '2017-06-25', 77, NULL),
(603, 0, NULL, 20, NULL, NULL, NULL, '2017-06-25', 78, NULL),
(604, 0, NULL, 20, NULL, NULL, NULL, '2017-06-25', 79, NULL),
(605, 0, NULL, 20, NULL, NULL, NULL, '2017-06-25', 80, NULL),
(606, 0, NULL, 20, NULL, NULL, NULL, '2017-06-25', 81, NULL),
(607, 0, NULL, 12.5, NULL, NULL, NULL, '2017-06-25', 88, NULL),
(608, 0, NULL, 20, NULL, NULL, NULL, '2017-06-25', 89, NULL),
(609, 0, NULL, 20, NULL, NULL, NULL, '2017-06-25', 91, NULL),
(610, 0, NULL, 20, NULL, NULL, NULL, '2017-06-25', 92, NULL),
(611, 0, NULL, 20, NULL, NULL, NULL, '2017-06-25', 93, NULL),
(612, 0, NULL, 20, NULL, NULL, NULL, '2017-06-25', 94, NULL),
(613, 0, NULL, 12.5, NULL, NULL, NULL, '2017-06-25', 86, b'1'),
(614, 0, NULL, 14.29, NULL, NULL, NULL, '2017-06-25', 72, NULL),
(615, 0, NULL, 14.29, NULL, NULL, NULL, '2017-06-25', 74, NULL),
(616, 0, NULL, 100, NULL, NULL, NULL, '2017-06-25', 75, NULL),
(617, 0, NULL, 14.29, NULL, NULL, NULL, '2017-06-25', 73, NULL),
(618, 0, NULL, 14.29, NULL, NULL, NULL, '2017-06-25', 69, NULL),
(619, 0, NULL, 50, NULL, NULL, NULL, '2017-06-25', 70, NULL),
(620, 0, NULL, 50, NULL, NULL, NULL, '2017-06-25', 71, NULL),
(621, 0, NULL, 14.29, NULL, NULL, NULL, '2017-06-25', 82, NULL),
(622, 0, NULL, 25, NULL, NULL, NULL, '2017-06-25', 83, NULL),
(623, 0, NULL, 25, NULL, NULL, NULL, '2017-06-25', 84, NULL),
(624, 0, NULL, 25, NULL, NULL, NULL, '2017-06-25', 85, NULL),
(625, 0, NULL, 25, NULL, NULL, NULL, '2017-06-25', 87, NULL),
(626, 0, NULL, 14.29, NULL, NULL, NULL, '2017-06-25', 76, NULL),
(627, 0, NULL, 20, NULL, NULL, NULL, '2017-06-25', 77, NULL),
(628, 0, NULL, 20, NULL, NULL, NULL, '2017-06-25', 78, NULL),
(629, 0, NULL, 20, NULL, NULL, NULL, '2017-06-25', 79, NULL),
(630, 0, NULL, 20, NULL, NULL, NULL, '2017-06-25', 80, NULL),
(631, 0, NULL, 20, NULL, NULL, NULL, '2017-06-25', 81, NULL),
(632, 0, NULL, 14.26, NULL, NULL, NULL, '2017-06-25', 88, NULL),
(633, 0, NULL, 20, NULL, NULL, NULL, '2017-06-25', 89, NULL),
(634, 0, NULL, 20, NULL, NULL, NULL, '2017-06-25', 91, NULL),
(635, 0, NULL, 20, NULL, NULL, NULL, '2017-06-25', 92, NULL),
(636, 0, NULL, 20, NULL, NULL, NULL, '2017-06-25', 93, NULL),
(637, 0, NULL, 20, NULL, NULL, NULL, '2017-06-25', 94, NULL),
(638, 0, 3, 3, NULL, NULL, 216.648, '1976-01-01', 72, NULL),
(639, 0, 3, 3, NULL, NULL, 216.648, '1988-01-12', 74, NULL),
(640, 0, 3, 100, NULL, NULL, 216.648, '2000-12-16', 75, NULL),
(641, 0, 40, 40, NULL, NULL, 2888.64, '1989-03-27', 73, NULL),
(642, 0, 3, 3, NULL, NULL, 216.648, '2011-02-10', 69, NULL),
(643, 0, 1.5, 50, NULL, NULL, 108.324, '2011-09-20', 70, NULL),
(644, 0, 1.5, 50, NULL, NULL, 108.324, '2002-10-02', 71, NULL),
(645, 0, 27, 27, NULL, NULL, 1949.832, '1978-05-15', 82, NULL),
(646, 0, 6.75, 25, NULL, NULL, 487.458, '2011-12-24', 83, NULL),
(647, 0, 6.75, 25, NULL, NULL, 487.458, '2009-03-22', 84, NULL),
(648, 0, 6.75, 25, NULL, NULL, 487.458, '1974-09-27', 85, NULL),
(649, 0, 6.75, 25, NULL, NULL, 487.458, '1999-07-23', 87, NULL),
(650, 0, 10, 10, NULL, NULL, 722.16, '1983-10-03', 76, NULL),
(651, 0, 2, 20, NULL, NULL, 144.432, '1995-11-25', 77, NULL),
(652, 0, 2, 20, NULL, NULL, 144.432, '1995-10-08', 78, NULL),
(653, 0, 2, 20, NULL, NULL, 144.432, '2002-04-27', 79, NULL),
(654, 0, 2, 20, NULL, NULL, 144.432, '1985-08-18', 80, NULL),
(655, 0, 2, 20, NULL, NULL, 144.432, '1997-05-19', 81, NULL),
(656, 0, 14, 14, NULL, NULL, 1011.024, '1991-04-09', 88, NULL),
(657, 0, 2.8, 20, NULL, NULL, 202.205, '1984-02-14', 89, NULL),
(658, 0, 2.8, 20, NULL, NULL, 202.205, '2005-02-08', 91, NULL),
(659, 0, 2.8, 20, NULL, NULL, 202.205, '1992-12-07', 92, NULL),
(660, 0, 2.8, 20, NULL, NULL, 202.205, '1984-11-16', 93, NULL),
(661, 0, 2.8, 20, NULL, NULL, 202.205, '1998-08-01', 94, NULL),
(662, 0, 3, 3, NULL, NULL, 216.648, '1992-11-06', 72, NULL),
(663, 0, 3, 3, NULL, NULL, 216.648, '1980-03-22', 74, NULL),
(664, 0, 3, 100, NULL, NULL, 216.648, '2008-09-03', 75, NULL),
(665, 0, 40, 40, NULL, NULL, 2888.64, '1993-05-12', 73, NULL),
(666, 0, 3, 3, NULL, NULL, 216.648, '1975-05-27', 69, NULL),
(667, 0, 0.99, 33, NULL, NULL, 71.494, '2016-12-31', 70, NULL),
(668, 0, 0.99, 33, NULL, NULL, 71.494, '2013-09-28', 71, NULL),
(669, 0, 1.02, 34, NULL, NULL, 73.66, '2006-07-17', 95, NULL),
(670, 0, 27, 27, NULL, NULL, 1949.832, '1999-02-15', 82, NULL),
(671, 0, 6.75, 25, NULL, NULL, 487.458, '1997-04-03', 83, NULL),
(672, 0, 6.75, 25, NULL, NULL, 487.458, '2003-08-04', 84, NULL),
(673, 0, 6.75, 25, NULL, NULL, 487.458, '2004-01-09', 85, NULL),
(674, 0, 6.75, 25, NULL, NULL, 487.458, '1976-12-19', 87, NULL),
(675, 0, 10, 10, NULL, NULL, 722.16, '2011-06-20', 76, NULL),
(676, 0, 2, 20, NULL, NULL, 144.432, '1987-02-07', 77, NULL),
(677, 0, 2, 20, NULL, NULL, 144.432, '1994-12-07', 78, NULL),
(678, 0, 2, 20, NULL, NULL, 144.432, '2001-07-09', 79, NULL),
(679, 0, 2, 20, NULL, NULL, 144.432, '1999-05-25', 80, NULL),
(680, 0, 2, 20, NULL, NULL, 144.432, '2012-08-20', 81, NULL),
(681, 0, 14, 14, NULL, NULL, 1011.024, '1978-09-17', 88, NULL),
(682, 0, 2.8, 20, NULL, NULL, 202.205, '1984-06-20', 89, NULL),
(683, 0, 2.8, 20, NULL, NULL, 202.205, '1999-11-04', 91, NULL),
(684, 0, 2.8, 20, NULL, NULL, 202.205, '2016-01-28', 92, NULL),
(685, 0, 2.8, 20, NULL, NULL, 202.205, '2011-10-02', 93, NULL),
(686, 0, 2.8, 20, NULL, NULL, 202.205, '2000-01-12', 94, NULL),
(687, 0, NULL, 16.67, NULL, NULL, NULL, '2017-06-25', 72, NULL),
(688, 0, NULL, 16.67, NULL, NULL, NULL, '2017-06-25', 93, NULL),
(689, 0, NULL, 16.67, NULL, NULL, NULL, '2017-06-25', 69, NULL),
(690, 0, NULL, 33.33, NULL, NULL, NULL, '2017-06-25', 70, NULL),
(691, 0, NULL, 33.33, NULL, NULL, NULL, '2017-06-25', 71, NULL),
(692, 0, NULL, 33.34, NULL, NULL, NULL, '2017-06-25', 95, NULL),
(693, 0, NULL, 16.67, NULL, NULL, NULL, '2017-06-25', 82, NULL),
(694, 0, NULL, 25, NULL, NULL, NULL, '2017-06-25', 83, NULL),
(695, 0, NULL, 25, NULL, NULL, NULL, '2017-06-25', 84, NULL),
(696, 0, NULL, 25, NULL, NULL, NULL, '2017-06-25', 85, NULL),
(697, 0, NULL, 25, NULL, NULL, NULL, '2017-06-25', 87, NULL),
(698, 0, NULL, 16.67, NULL, NULL, NULL, '2017-06-25', 76, NULL),
(699, 0, NULL, 20, NULL, NULL, NULL, '2017-06-25', 77, NULL),
(700, 0, NULL, 20, NULL, NULL, NULL, '2017-06-25', 78, NULL),
(701, 0, NULL, 20, NULL, NULL, NULL, '2017-06-25', 79, NULL),
(702, 0, NULL, 20, NULL, NULL, NULL, '2017-06-25', 80, NULL),
(703, 0, NULL, 20, NULL, NULL, NULL, '2017-06-25', 81, NULL),
(704, 0, NULL, 16.65, NULL, NULL, NULL, '2017-06-25', 96, NULL),
(705, 0, NULL, 20, NULL, NULL, NULL, '2017-06-25', 97, NULL),
(706, 0, NULL, 20, NULL, NULL, NULL, '2017-06-25', 98, NULL),
(707, 0, NULL, 20, NULL, NULL, NULL, '2017-06-25', 99, NULL),
(708, 0, NULL, 20, NULL, NULL, NULL, '2017-06-25', 100, NULL),
(709, 0, NULL, 20, NULL, NULL, NULL, '2017-06-25', 101, NULL),
(710, 0, 3, 3, NULL, NULL, 216.648, '1980-09-12', 72, NULL),
(711, 0, 30, 30, NULL, NULL, 2166.48, '2016-11-22', 93, NULL),
(712, 0, 3, 3, NULL, NULL, 216.648, '1989-05-01', 69, NULL),
(713, 0, 1, 33.33, NULL, NULL, 72.209, '2015-10-12', 70, NULL),
(714, 0, 1, 33.33, NULL, NULL, 72.209, '2011-08-04', 71, NULL),
(715, 0, 1, 33.34, NULL, NULL, 72.23, '2009-06-23', 95, NULL),
(716, 0, 27, 27, NULL, NULL, 1949.832, '2008-07-05', 82, NULL),
(717, 0, 6.75, 25, NULL, NULL, 487.458, '2009-07-08', 83, NULL),
(718, 0, 6.75, 25, NULL, NULL, 487.458, '1993-03-09', 84, NULL),
(719, 0, 6.75, 25, NULL, NULL, 487.458, '2015-04-17', 85, NULL),
(720, 0, 6.75, 25, NULL, NULL, 487.458, '2014-04-04', 87, NULL),
(721, 0, 10, 10, NULL, NULL, 722.16, '2006-07-16', 76, NULL),
(722, 0, 2, 20, NULL, NULL, 144.432, '2009-02-22', 77, NULL),
(723, 0, 2, 20, NULL, NULL, 144.432, '1976-11-29', 78, NULL),
(724, 0, 2, 20, NULL, NULL, 144.432, '2005-05-02', 79, NULL),
(725, 0, 2, 20, NULL, NULL, 144.432, '2014-01-02', 80, NULL),
(726, 0, 2, 20, NULL, NULL, 144.432, '1975-02-16', 81, NULL),
(727, 0, 27, 27, NULL, NULL, 1949.832, '1998-03-10', 96, NULL),
(728, 0, 5.4, 20, NULL, NULL, 389.966, '2000-07-01', 97, NULL),
(729, 0, 5.4, 20, NULL, NULL, 389.966, '1998-09-07', 98, NULL),
(730, 0, 5.4, 20, NULL, NULL, 389.966, '2008-06-25', 99, NULL),
(731, 0, 5.4, 20, NULL, NULL, 389.966, '1976-02-07', 100, NULL),
(732, 0, 5.4, 20, NULL, NULL, 389.966, '2008-08-21', 101, NULL),
(733, 0, NULL, 20, NULL, NULL, NULL, '2017-06-25', 72, NULL),
(734, 0, NULL, 20, NULL, NULL, NULL, '2017-06-25', 93, NULL),
(735, 0, NULL, 20, NULL, NULL, NULL, '2017-06-25', 82, NULL),
(736, 0, NULL, 25, NULL, NULL, NULL, '2017-06-25', 83, NULL),
(737, 0, NULL, 25, NULL, NULL, NULL, '2017-06-25', 84, NULL),
(738, 0, NULL, 25, NULL, NULL, NULL, '2017-06-25', 85, NULL),
(739, 0, NULL, 25, NULL, NULL, NULL, '2017-06-25', 87, NULL),
(740, 0, NULL, 20, NULL, NULL, NULL, '2017-06-25', 76, NULL),
(741, 0, NULL, 20, NULL, NULL, NULL, '2017-06-25', 77, NULL),
(742, 0, NULL, 20, NULL, NULL, NULL, '2017-06-25', 78, NULL),
(743, 0, NULL, 20, NULL, NULL, NULL, '2017-06-25', 79, NULL),
(744, 0, NULL, 20, NULL, NULL, NULL, '2017-06-25', 80, NULL),
(745, 0, NULL, 20, NULL, NULL, NULL, '2017-06-25', 81, NULL),
(746, 0, NULL, 20, NULL, NULL, NULL, '2017-06-25', 96, NULL),
(747, 0, NULL, 20, NULL, NULL, NULL, '2017-06-25', 97, NULL),
(748, 0, NULL, 20, NULL, NULL, NULL, '2017-06-25', 98, NULL),
(749, 0, NULL, 20, NULL, NULL, NULL, '2017-06-25', 99, NULL),
(750, 0, NULL, 20, NULL, NULL, NULL, '2017-06-25', 100, NULL),
(751, 0, NULL, 20, NULL, NULL, NULL, '2017-06-25', 101, NULL),
(752, 0, 3, 3, NULL, NULL, 216.648, '2008-12-26', 72, b'1'),
(753, 0, 33, 33, NULL, NULL, 2383.128, '2013-07-29', 93, b'1'),
(754, 0, 27, 27, NULL, NULL, 1949.832, '1997-08-03', 82, b'1'),
(755, 0, 6.75, 25, NULL, NULL, 487.458, '2007-03-08', 83, b'1'),
(756, 0, 6.75, 25, NULL, NULL, 487.458, '2010-09-04', 84, b'1'),
(757, 0, 6.75, 25, NULL, NULL, 487.458, '1980-10-21', 85, b'1'),
(758, 0, 6.75, 25, NULL, NULL, 487.458, '1989-10-21', 87, b'1'),
(759, 0, 10, 10, NULL, NULL, 722.16, '1994-02-09', 76, b'1'),
(760, 0, 2, 20, NULL, NULL, 144.432, '2013-12-24', 77, b'1'),
(761, 0, 2, 20, NULL, NULL, 144.432, '2008-05-23', 78, b'1'),
(762, 0, 2, 20, NULL, NULL, 144.432, '2010-08-07', 79, b'1'),
(763, 0, 2, 20, NULL, NULL, 144.432, '2012-10-26', 80, b'1'),
(764, 0, 2, 20, NULL, NULL, 144.432, '2002-09-11', 81, b'1'),
(765, 0, 27, 27, NULL, NULL, 1949.832, '2010-07-26', 96, b'1'),
(766, 0, 5.4, 20, NULL, NULL, 389.966, '2013-03-03', 97, b'1'),
(767, 0, 5.4, 20, NULL, NULL, 389.966, '1996-04-15', 98, b'1'),
(768, 0, 5.4, 20, NULL, NULL, 389.966, '2005-12-20', 99, b'1'),
(769, 0, 5.4, 20, NULL, NULL, 389.966, '1972-03-30', 100, b'1'),
(770, 0, 5.4, 20, NULL, NULL, 389.966, '2007-04-14', 101, b'1'),
(771, 0, NULL, 50, NULL, NULL, NULL, '2017-06-25', 69, NULL),
(772, 0, NULL, 33.33, NULL, NULL, NULL, '2017-06-25', 70, NULL),
(773, 0, NULL, 33.33, NULL, NULL, NULL, '2017-06-25', 71, NULL),
(774, 0, NULL, 33.34, NULL, NULL, NULL, '2017-06-25', 95, NULL),
(775, 0, NULL, 50, NULL, NULL, NULL, '2017-06-25', 88, NULL),
(776, 0, NULL, 33.33, NULL, NULL, NULL, '2017-06-25', 69, NULL),
(777, 0, NULL, 33.33, NULL, NULL, NULL, '2017-06-25', 70, NULL),
(778, 0, NULL, 33.33, NULL, NULL, NULL, '2017-06-25', 71, NULL),
(779, 0, NULL, 33.34, NULL, NULL, NULL, '2017-06-25', 95, NULL),
(780, 0, NULL, 33.33, NULL, NULL, NULL, '2017-06-25', 102, NULL),
(781, 0, NULL, 33.34, NULL, NULL, NULL, '2017-06-25', 88, NULL),
(782, 0, NULL, 50, NULL, NULL, NULL, '2017-06-25', 69, NULL),
(783, 0, NULL, 33.33, NULL, NULL, NULL, '2017-06-25', 70, NULL),
(784, 0, NULL, 33.33, NULL, NULL, NULL, '2017-06-25', 71, NULL),
(785, 0, NULL, 33.34, NULL, NULL, NULL, '2017-06-25', 95, NULL),
(786, 0, NULL, 50, NULL, NULL, NULL, '2017-06-25', 88, NULL),
(787, 0, NULL, 50, NULL, NULL, NULL, '2017-06-25', 102, NULL),
(788, 0, NULL, 50, NULL, NULL, NULL, '2017-06-25', 103, NULL),
(789, 0, 53, 53, NULL, NULL, 1250.8, '2002-11-14', 69, NULL),
(790, 0, 22, 41.51, NULL, NULL, 519.207, '2009-04-07', 70, NULL),
(791, 0, 26, 49.06, NULL, NULL, 613.642, '1994-07-21', 71, NULL),
(792, 0, 5, 9.43, NULL, NULL, 117.95, '1996-02-15', 95, NULL),
(793, 0, 47, 47, NULL, NULL, 1109.2, '2010-04-04', 88, NULL),
(794, 0, 18, 38.3, NULL, NULL, 424.824, '1991-01-11', 102, NULL),
(795, 0, 29, 61.7, NULL, NULL, 684.376, '1987-02-07', 103, NULL),
(796, 0, NULL, 5.56, NULL, NULL, NULL, '2017-06-25', 212, NULL),
(797, 0, NULL, 11.11, NULL, NULL, NULL, '2017-06-25', 213, NULL),
(798, 0, NULL, 11.11, NULL, NULL, NULL, '2017-06-25', 214, NULL),
(799, 0, NULL, 11.11, NULL, NULL, NULL, '2017-06-25', 215, NULL),
(800, 0, NULL, 11.11, NULL, NULL, NULL, '2017-06-25', 216, NULL),
(801, 0, NULL, 11.11, NULL, NULL, NULL, '2017-06-25', 218, NULL),
(802, 0, NULL, 11.11, NULL, NULL, NULL, '2017-06-25', 219, NULL),
(803, 0, NULL, 12.5, NULL, NULL, NULL, '2017-06-25', 220, NULL),
(804, 0, NULL, 12.5, NULL, NULL, NULL, '2017-06-25', 221, NULL),
(805, 0, NULL, 12.5, NULL, NULL, NULL, '2017-06-25', 222, NULL);
INSERT INTO `consumo` (`idConsumo`, `num_comp`, `Mbps_Asignado`, `Porc_Mbps`, `Costo_Mbps`, `Porc_Acum`, `SubTotal`, `Fecha`, `idArea`, `Estado`) VALUES
(806, 0, NULL, 12.5, NULL, NULL, NULL, '2017-06-25', 223, NULL),
(807, 0, NULL, 12.5, NULL, NULL, NULL, '2017-06-25', 224, NULL),
(808, 0, NULL, 12.5, NULL, NULL, NULL, '2017-06-25', 225, NULL),
(809, 0, NULL, 12.5, NULL, NULL, NULL, '2017-06-25', 226, NULL),
(810, 0, NULL, 12.5, NULL, NULL, NULL, '2017-06-25', 227, NULL),
(811, 0, NULL, 11.11, NULL, NULL, NULL, '2017-06-25', 228, NULL),
(812, 0, NULL, 33.33, NULL, NULL, NULL, '2017-06-25', 229, NULL),
(813, 0, NULL, 33.33, NULL, NULL, NULL, '2017-06-25', 230, NULL),
(814, 0, NULL, 33.34, NULL, NULL, NULL, '2017-06-25', 231, NULL),
(815, 0, NULL, 11.11, NULL, NULL, NULL, '2017-06-25', 232, NULL),
(816, 0, NULL, 8.33, NULL, NULL, NULL, '2017-06-25', 233, NULL),
(817, 0, NULL, 8.33, NULL, NULL, NULL, '2017-06-25', 234, NULL),
(818, 0, NULL, 8.33, NULL, NULL, NULL, '2017-06-25', 235, NULL),
(819, 0, NULL, 8.33, NULL, NULL, NULL, '2017-06-25', 236, NULL),
(820, 0, NULL, 8.33, NULL, NULL, NULL, '2017-06-25', 237, NULL),
(821, 0, NULL, 8.33, NULL, NULL, NULL, '2017-06-25', 238, NULL),
(822, 0, NULL, 8.33, NULL, NULL, NULL, '2017-06-25', 239, NULL),
(823, 0, NULL, 8.33, NULL, NULL, NULL, '2017-06-25', 240, NULL),
(824, 0, NULL, 8.33, NULL, NULL, NULL, '2017-06-25', 241, NULL),
(825, 0, NULL, 8.33, NULL, NULL, NULL, '2017-06-25', 242, NULL),
(826, 0, NULL, 8.33, NULL, NULL, NULL, '2017-06-25', 243, NULL),
(827, 0, NULL, 8.37, NULL, NULL, NULL, '2017-06-25', 244, NULL),
(828, 0, NULL, 11.12, NULL, NULL, NULL, '2017-06-25', 245, NULL),
(829, 0, NULL, 14.29, NULL, NULL, NULL, '2017-06-25', 246, NULL),
(830, 0, NULL, 14.29, NULL, NULL, NULL, '2017-06-25', 247, NULL),
(831, 0, NULL, 14.29, NULL, NULL, NULL, '2017-06-25', 248, NULL),
(832, 0, NULL, 14.29, NULL, NULL, NULL, '2017-06-25', 249, NULL),
(833, 0, NULL, 14.29, NULL, NULL, NULL, '2017-06-25', 250, NULL),
(834, 0, NULL, 14.29, NULL, NULL, NULL, '2017-06-25', 251, NULL),
(835, 0, NULL, 14.26, NULL, NULL, NULL, '2017-06-25', 252, NULL),
(836, 0, NULL, 5.56, NULL, NULL, NULL, '2017-06-25', 152, NULL),
(837, 0, NULL, 50, NULL, NULL, NULL, '2017-06-25', 166, NULL),
(838, 0, NULL, 50, NULL, NULL, NULL, '2017-06-25', 167, NULL),
(839, 0, NULL, 4, NULL, NULL, NULL, '2017-06-25', 168, NULL),
(840, 0, NULL, 4, NULL, NULL, NULL, '2017-06-25', 169, NULL),
(841, 0, NULL, 4, NULL, NULL, NULL, '2017-06-25', 172, NULL),
(842, 0, NULL, 4, NULL, NULL, NULL, '2017-06-25', 173, NULL),
(843, 0, NULL, 4, NULL, NULL, NULL, '2017-06-25', 174, NULL),
(844, 0, NULL, 4, NULL, NULL, NULL, '2017-06-25', 175, NULL),
(845, 0, NULL, 4, NULL, NULL, NULL, '2017-06-25', 176, NULL),
(846, 0, NULL, 4, NULL, NULL, NULL, '2017-06-25', 177, NULL),
(847, 0, NULL, 4, NULL, NULL, NULL, '2017-06-25', 178, NULL),
(848, 0, NULL, 4, NULL, NULL, NULL, '2017-06-25', 179, NULL),
(849, 0, NULL, 4, NULL, NULL, NULL, '2017-06-25', 180, NULL),
(850, 0, NULL, 4, NULL, NULL, NULL, '2017-06-25', 181, NULL),
(851, 0, NULL, 4, NULL, NULL, NULL, '2017-06-25', 182, NULL),
(852, 0, NULL, 4, NULL, NULL, NULL, '2017-06-25', 183, NULL),
(853, 0, NULL, 4, NULL, NULL, NULL, '2017-06-25', 184, NULL),
(854, 0, NULL, 4, NULL, NULL, NULL, '2017-06-25', 185, NULL),
(855, 0, NULL, 4, NULL, NULL, NULL, '2017-06-25', 186, NULL),
(856, 0, NULL, 4, NULL, NULL, NULL, '2017-06-25', 187, NULL),
(857, 0, NULL, 4, NULL, NULL, NULL, '2017-06-25', 188, NULL),
(858, 0, NULL, 4, NULL, NULL, NULL, '2017-06-25', 189, NULL),
(859, 0, NULL, 4, NULL, NULL, NULL, '2017-06-25', 190, NULL),
(860, 0, NULL, 4, NULL, NULL, NULL, '2017-06-25', 191, NULL),
(861, 0, NULL, 4, NULL, NULL, NULL, '2017-06-25', 192, NULL),
(862, 0, NULL, 4, NULL, NULL, NULL, '2017-06-25', 193, NULL),
(863, 0, NULL, 4, NULL, NULL, NULL, '2017-06-25', 194, NULL),
(864, 0, NULL, 5.56, NULL, NULL, NULL, '2017-06-25', 195, NULL),
(865, 0, NULL, 33.33, NULL, NULL, NULL, '2017-06-25', 196, NULL),
(866, 0, NULL, 33.33, NULL, NULL, NULL, '2017-06-25', 197, NULL),
(867, 0, NULL, 16.67, NULL, NULL, NULL, '2017-06-25', 198, NULL),
(868, 0, NULL, 16.67, NULL, NULL, NULL, '2017-06-25', 199, NULL),
(869, 0, NULL, 16.67, NULL, NULL, NULL, '2017-06-25', 200, NULL),
(870, 0, NULL, 16.67, NULL, NULL, NULL, '2017-06-25', 201, NULL),
(871, 0, NULL, 16.67, NULL, NULL, NULL, '2017-06-25', 202, NULL),
(872, 0, NULL, 16.65, NULL, NULL, NULL, '2017-06-25', 203, NULL),
(873, 0, NULL, 33.34, NULL, NULL, NULL, '2017-06-25', 204, NULL),
(874, 0, NULL, 14.29, NULL, NULL, NULL, '2017-06-25', 205, NULL),
(875, 0, NULL, 14.29, NULL, NULL, NULL, '2017-06-25', 206, NULL),
(876, 0, NULL, 14.29, NULL, NULL, NULL, '2017-06-25', 207, NULL),
(877, 0, NULL, 14.29, NULL, NULL, NULL, '2017-06-25', 208, NULL),
(878, 0, NULL, 14.29, NULL, NULL, NULL, '2017-06-25', 209, NULL),
(879, 0, NULL, 14.29, NULL, NULL, NULL, '2017-06-25', 210, NULL),
(880, 0, NULL, 14.26, NULL, NULL, NULL, '2017-06-25', 211, NULL),
(881, 0, NULL, 5.56, NULL, NULL, NULL, '2017-06-25', 261, NULL),
(882, 0, NULL, 50, NULL, NULL, NULL, '2017-06-25', 262, NULL),
(883, 0, NULL, 50, NULL, NULL, NULL, '2017-06-25', 263, NULL),
(884, 0, NULL, 5.56, NULL, NULL, NULL, '2017-06-25', 257, NULL),
(885, 0, NULL, 100, NULL, NULL, NULL, '2017-06-25', 259, NULL),
(886, 0, NULL, 5.56, NULL, NULL, NULL, '2017-06-25', 94, b'1'),
(887, 0, NULL, 5.56, NULL, NULL, NULL, '2017-06-25', 140, NULL),
(888, 0, NULL, 33.33, NULL, NULL, NULL, '2017-06-25', 163, NULL),
(889, 0, NULL, 33.33, NULL, NULL, NULL, '2017-06-25', 164, NULL),
(890, 0, NULL, 33.34, NULL, NULL, NULL, '2017-06-25', 165, NULL),
(891, 0, NULL, 5.56, NULL, NULL, NULL, '2017-06-25', 256, NULL),
(892, 0, NULL, 5.56, NULL, NULL, NULL, '2017-06-25', 264, NULL),
(893, 0, NULL, 5.88, NULL, NULL, NULL, '2017-06-25', 265, NULL),
(894, 0, NULL, 5.88, NULL, NULL, NULL, '2017-06-25', 266, NULL),
(895, 0, NULL, 5.88, NULL, NULL, NULL, '2017-06-25', 267, NULL),
(896, 0, NULL, 5.88, NULL, NULL, NULL, '2017-06-25', 268, NULL),
(897, 0, NULL, 5.88, NULL, NULL, NULL, '2017-06-25', 269, NULL),
(898, 0, NULL, 5.88, NULL, NULL, NULL, '2017-06-25', 270, NULL),
(899, 0, NULL, 5.88, NULL, NULL, NULL, '2017-06-25', 271, NULL),
(900, 0, NULL, 5.88, NULL, NULL, NULL, '2017-06-25', 272, NULL),
(901, 0, NULL, 5.88, NULL, NULL, NULL, '2017-06-25', 273, NULL),
(902, 0, NULL, 5.88, NULL, NULL, NULL, '2017-06-25', 274, NULL),
(903, 0, NULL, 5.88, NULL, NULL, NULL, '2017-06-25', 275, NULL),
(904, 0, NULL, 5.88, NULL, NULL, NULL, '2017-06-25', 276, NULL),
(905, 0, NULL, 5.88, NULL, NULL, NULL, '2017-06-25', 277, NULL),
(906, 0, NULL, 5.88, NULL, NULL, NULL, '2017-06-25', 278, NULL),
(907, 0, NULL, 5.88, NULL, NULL, NULL, '2017-06-25', 279, NULL),
(908, 0, NULL, 5.88, NULL, NULL, NULL, '2017-06-25', 280, NULL),
(909, 0, NULL, 5.92, NULL, NULL, NULL, '2017-06-25', 281, NULL),
(910, 0, NULL, 5.56, NULL, NULL, NULL, '2017-06-25', 74, b'1'),
(911, 0, NULL, 100, NULL, NULL, NULL, '2017-06-25', 75, b'1'),
(912, 0, NULL, 5.56, NULL, NULL, NULL, '2017-06-25', 92, b'1'),
(913, 0, NULL, 5.56, NULL, NULL, NULL, '2017-06-25', 217, NULL),
(914, 0, NULL, 4, NULL, NULL, NULL, '2017-06-25', 282, NULL),
(915, 0, NULL, 4, NULL, NULL, NULL, '2017-06-25', 283, NULL),
(916, 0, NULL, 4, NULL, NULL, NULL, '2017-06-25', 284, NULL),
(917, 0, NULL, 4, NULL, NULL, NULL, '2017-06-25', 285, NULL),
(918, 0, NULL, 4, NULL, NULL, NULL, '2017-06-25', 286, NULL),
(919, 0, NULL, 4, NULL, NULL, NULL, '2017-06-25', 287, NULL),
(920, 0, NULL, 4, NULL, NULL, NULL, '2017-06-25', 288, NULL),
(921, 0, NULL, 4, NULL, NULL, NULL, '2017-06-25', 289, NULL),
(922, 0, NULL, 4, NULL, NULL, NULL, '2017-06-25', 290, NULL),
(923, 0, NULL, 4, NULL, NULL, NULL, '2017-06-25', 291, NULL),
(924, 0, NULL, 4, NULL, NULL, NULL, '2017-06-25', 292, NULL),
(925, 0, NULL, 4, NULL, NULL, NULL, '2017-06-25', 293, NULL),
(926, 0, NULL, 4, NULL, NULL, NULL, '2017-06-25', 294, NULL),
(927, 0, NULL, 4, NULL, NULL, NULL, '2017-06-25', 295, NULL),
(928, 0, NULL, 4, NULL, NULL, NULL, '2017-06-25', 296, NULL),
(929, 0, NULL, 4, NULL, NULL, NULL, '2017-06-25', 297, NULL),
(930, 0, NULL, 4, NULL, NULL, NULL, '2017-06-25', 298, NULL),
(931, 0, NULL, 4, NULL, NULL, NULL, '2017-06-25', 299, NULL),
(932, 0, NULL, 4, NULL, NULL, NULL, '2017-06-25', 300, NULL),
(933, 0, NULL, 4, NULL, NULL, NULL, '2017-06-25', 301, NULL),
(934, 0, NULL, 4, NULL, NULL, NULL, '2017-06-25', 302, NULL),
(935, 0, NULL, 4, NULL, NULL, NULL, '2017-06-25', 303, NULL),
(936, 0, NULL, 4, NULL, NULL, NULL, '2017-06-25', 304, NULL),
(937, 0, NULL, 4, NULL, NULL, NULL, '2017-06-25', 305, NULL),
(938, 0, NULL, 4, NULL, NULL, NULL, '2017-06-25', 306, NULL),
(939, 0, NULL, 5.56, NULL, NULL, NULL, '2017-06-25', 307, NULL),
(940, 0, NULL, 5.56, NULL, NULL, NULL, '2017-06-25', 253, NULL),
(941, 0, NULL, 33.33, NULL, NULL, NULL, '2017-06-25', 254, NULL),
(942, 0, NULL, 33.33, NULL, NULL, NULL, '2017-06-25', 255, NULL),
(943, 0, NULL, 33.34, NULL, NULL, NULL, '2017-06-25', 260, NULL),
(944, 0, NULL, 5.56, NULL, NULL, NULL, '2017-06-25', 73, b'1'),
(945, 0, NULL, 5.56, NULL, NULL, NULL, '2017-06-25', 104, NULL),
(946, 0, NULL, 5.26, NULL, NULL, NULL, '2017-06-25', 105, NULL),
(947, 0, NULL, 5.26, NULL, NULL, NULL, '2017-06-25', 106, NULL),
(948, 0, NULL, 5.26, NULL, NULL, NULL, '2017-06-25', 107, NULL),
(949, 0, NULL, 5.26, NULL, NULL, NULL, '2017-06-25', 108, NULL),
(950, 0, NULL, 5.26, NULL, NULL, NULL, '2017-06-25', 109, NULL),
(951, 0, NULL, 50, NULL, NULL, NULL, '2017-06-25', 110, NULL),
(952, 0, NULL, 50, NULL, NULL, NULL, '2017-06-25', 111, NULL),
(953, 0, NULL, 5.26, NULL, NULL, NULL, '2017-06-25', 112, NULL),
(954, 0, NULL, 50, NULL, NULL, NULL, '2017-06-25', 113, NULL),
(955, 0, NULL, 50, NULL, NULL, NULL, '2017-06-25', 114, NULL),
(956, 0, NULL, 5.26, NULL, NULL, NULL, '2017-06-25', 115, NULL),
(957, 0, NULL, 50, NULL, NULL, NULL, '2017-06-25', 116, NULL),
(958, 0, NULL, 50, NULL, NULL, NULL, '2017-06-25', 117, NULL),
(959, 0, NULL, 5.26, NULL, NULL, NULL, '2017-06-25', 118, NULL),
(960, 0, NULL, 50, NULL, NULL, NULL, '2017-06-25', 119, NULL),
(961, 0, NULL, 50, NULL, NULL, NULL, '2017-06-25', 120, NULL),
(962, 0, NULL, 5.26, NULL, NULL, NULL, '2017-06-25', 121, NULL),
(963, 0, NULL, 25, NULL, NULL, NULL, '2017-06-25', 122, NULL),
(964, 0, NULL, 25, NULL, NULL, NULL, '2017-06-25', 123, NULL),
(965, 0, NULL, 25, NULL, NULL, NULL, '2017-06-25', 124, NULL),
(966, 0, NULL, 25, NULL, NULL, NULL, '2017-06-25', 125, NULL),
(967, 0, NULL, 5.26, NULL, NULL, NULL, '2017-06-25', 126, NULL),
(968, 0, NULL, 25, NULL, NULL, NULL, '2017-06-25', 127, NULL),
(969, 0, NULL, 25, NULL, NULL, NULL, '2017-06-25', 128, NULL),
(970, 0, NULL, 25, NULL, NULL, NULL, '2017-06-25', 129, NULL),
(971, 0, NULL, 25, NULL, NULL, NULL, '2017-06-25', 130, NULL),
(972, 0, NULL, 5.26, NULL, NULL, NULL, '2017-06-25', 131, NULL),
(973, 0, NULL, 50, NULL, NULL, NULL, '2017-06-25', 132, NULL),
(974, 0, NULL, 50, NULL, NULL, NULL, '2017-06-25', 133, NULL),
(975, 0, NULL, 5.26, NULL, NULL, NULL, '2017-06-25', 134, NULL),
(976, 0, NULL, 50, NULL, NULL, NULL, '2017-06-25', 135, NULL),
(977, 0, NULL, 50, NULL, NULL, NULL, '2017-06-25', 136, NULL),
(978, 0, NULL, 5.26, NULL, NULL, NULL, '2017-06-25', 137, NULL),
(979, 0, NULL, 50, NULL, NULL, NULL, '2017-06-25', 138, NULL),
(980, 0, NULL, 50, NULL, NULL, NULL, '2017-06-25', 139, NULL),
(981, 0, NULL, 5.26, NULL, NULL, NULL, '2017-06-25', 141, NULL),
(982, 0, NULL, 33.33, NULL, NULL, NULL, '2017-06-25', 142, NULL),
(983, 0, NULL, 33.33, NULL, NULL, NULL, '2017-06-25', 143, NULL),
(984, 0, NULL, 33.34, NULL, NULL, NULL, '2017-06-25', 144, NULL),
(985, 0, NULL, 5.26, NULL, NULL, NULL, '2017-06-25', 145, NULL),
(986, 0, NULL, 33.33, NULL, NULL, NULL, '2017-06-25', 146, NULL),
(987, 0, NULL, 33.33, NULL, NULL, NULL, '2017-06-25', 147, NULL),
(988, 0, NULL, 33.34, NULL, NULL, NULL, '2017-06-25', 148, NULL),
(989, 0, NULL, 5.26, NULL, NULL, NULL, '2017-06-25', 149, NULL),
(990, 0, NULL, 50, NULL, NULL, NULL, '2017-06-25', 150, NULL),
(991, 0, NULL, 50, NULL, NULL, NULL, '2017-06-25', 151, NULL),
(992, 0, NULL, 5.26, NULL, NULL, NULL, '2017-06-25', 153, NULL),
(993, 0, NULL, 50, NULL, NULL, NULL, '2017-06-25', 154, NULL),
(994, 0, NULL, 50, NULL, NULL, NULL, '2017-06-25', 155, NULL),
(995, 0, NULL, 5.26, NULL, NULL, NULL, '2017-06-25', 156, NULL),
(996, 0, NULL, 33.33, NULL, NULL, NULL, '2017-06-25', 157, NULL),
(997, 0, NULL, 33.33, NULL, NULL, NULL, '2017-06-25', 158, NULL),
(998, 0, NULL, 33.34, NULL, NULL, NULL, '2017-06-25', 159, NULL),
(999, 0, NULL, 5.32, NULL, NULL, NULL, '2017-06-25', 160, NULL),
(1000, 0, NULL, 50, NULL, NULL, NULL, '2017-06-25', 161, NULL),
(1001, 0, NULL, 50, NULL, NULL, NULL, '2017-06-25', 162, NULL),
(1002, 0, NULL, 5.56, NULL, NULL, NULL, '2017-06-25', 89, b'1'),
(1003, 0, NULL, 5.48, NULL, NULL, NULL, '2017-06-25', 91, b'1'),
(1004, 0, NULL, 8.33, NULL, NULL, NULL, '2017-06-25', 212, NULL),
(1005, 0, NULL, 11.11, NULL, NULL, NULL, '2017-06-25', 213, NULL),
(1006, 0, NULL, 11.11, NULL, NULL, NULL, '2017-06-25', 214, NULL),
(1007, 0, NULL, 11.11, NULL, NULL, NULL, '2017-06-25', 215, NULL),
(1008, 0, NULL, 11.11, NULL, NULL, NULL, '2017-06-25', 216, NULL),
(1009, 0, NULL, 11.11, NULL, NULL, NULL, '2017-06-25', 218, NULL),
(1010, 0, NULL, 11.11, NULL, NULL, NULL, '2017-06-25', 219, NULL),
(1011, 0, NULL, 12.5, NULL, NULL, NULL, '2017-06-25', 220, NULL),
(1012, 0, NULL, 12.5, NULL, NULL, NULL, '2017-06-25', 221, NULL),
(1013, 0, NULL, 12.5, NULL, NULL, NULL, '2017-06-25', 222, NULL),
(1014, 0, NULL, 12.5, NULL, NULL, NULL, '2017-06-25', 223, NULL),
(1015, 0, NULL, 12.5, NULL, NULL, NULL, '2017-06-25', 224, NULL),
(1016, 0, NULL, 12.5, NULL, NULL, NULL, '2017-06-25', 225, NULL),
(1017, 0, NULL, 12.5, NULL, NULL, NULL, '2017-06-25', 226, NULL),
(1018, 0, NULL, 12.5, NULL, NULL, NULL, '2017-06-25', 227, NULL),
(1019, 0, NULL, 11.11, NULL, NULL, NULL, '2017-06-25', 228, NULL),
(1020, 0, NULL, 33.33, NULL, NULL, NULL, '2017-06-25', 229, NULL),
(1021, 0, NULL, 33.33, NULL, NULL, NULL, '2017-06-25', 230, NULL),
(1022, 0, NULL, 33.34, NULL, NULL, NULL, '2017-06-25', 231, NULL),
(1023, 0, NULL, 11.11, NULL, NULL, NULL, '2017-06-25', 232, NULL),
(1024, 0, NULL, 8.33, NULL, NULL, NULL, '2017-06-25', 233, NULL),
(1025, 0, NULL, 8.33, NULL, NULL, NULL, '2017-06-25', 234, NULL),
(1026, 0, NULL, 8.33, NULL, NULL, NULL, '2017-06-25', 235, NULL),
(1027, 0, NULL, 8.33, NULL, NULL, NULL, '2017-06-25', 236, NULL),
(1028, 0, NULL, 8.33, NULL, NULL, NULL, '2017-06-25', 237, NULL),
(1029, 0, NULL, 8.33, NULL, NULL, NULL, '2017-06-25', 238, NULL),
(1030, 0, NULL, 8.33, NULL, NULL, NULL, '2017-06-25', 239, NULL),
(1031, 0, NULL, 8.33, NULL, NULL, NULL, '2017-06-25', 240, NULL),
(1032, 0, NULL, 8.33, NULL, NULL, NULL, '2017-06-25', 241, NULL),
(1033, 0, NULL, 8.33, NULL, NULL, NULL, '2017-06-25', 242, NULL),
(1034, 0, NULL, 8.33, NULL, NULL, NULL, '2017-06-25', 243, NULL),
(1035, 0, NULL, 8.37, NULL, NULL, NULL, '2017-06-25', 244, NULL),
(1036, 0, NULL, 11.12, NULL, NULL, NULL, '2017-06-25', 245, NULL),
(1037, 0, NULL, 14.29, NULL, NULL, NULL, '2017-06-25', 246, NULL),
(1038, 0, NULL, 14.29, NULL, NULL, NULL, '2017-06-25', 247, NULL),
(1039, 0, NULL, 14.29, NULL, NULL, NULL, '2017-06-25', 248, NULL),
(1040, 0, NULL, 14.29, NULL, NULL, NULL, '2017-06-25', 249, NULL),
(1041, 0, NULL, 14.29, NULL, NULL, NULL, '2017-06-25', 250, NULL),
(1042, 0, NULL, 14.29, NULL, NULL, NULL, '2017-06-25', 251, NULL),
(1043, 0, NULL, 14.26, NULL, NULL, NULL, '2017-06-25', 252, NULL),
(1044, 0, NULL, 8.33, NULL, NULL, NULL, '2017-06-25', 152, NULL),
(1045, 0, NULL, 50, NULL, NULL, NULL, '2017-06-25', 166, NULL),
(1046, 0, NULL, 50, NULL, NULL, NULL, '2017-06-25', 167, NULL),
(1047, 0, NULL, 4, NULL, NULL, NULL, '2017-06-25', 168, NULL),
(1048, 0, NULL, 4, NULL, NULL, NULL, '2017-06-25', 169, NULL),
(1049, 0, NULL, 4, NULL, NULL, NULL, '2017-06-25', 172, NULL),
(1050, 0, NULL, 4, NULL, NULL, NULL, '2017-06-25', 173, NULL),
(1051, 0, NULL, 4, NULL, NULL, NULL, '2017-06-25', 174, NULL),
(1052, 0, NULL, 4, NULL, NULL, NULL, '2017-06-25', 175, NULL),
(1053, 0, NULL, 4, NULL, NULL, NULL, '2017-06-25', 176, NULL),
(1054, 0, NULL, 4, NULL, NULL, NULL, '2017-06-25', 177, NULL),
(1055, 0, NULL, 4, NULL, NULL, NULL, '2017-06-25', 178, NULL),
(1056, 0, NULL, 4, NULL, NULL, NULL, '2017-06-25', 179, NULL),
(1057, 0, NULL, 4, NULL, NULL, NULL, '2017-06-25', 180, NULL),
(1058, 0, NULL, 4, NULL, NULL, NULL, '2017-06-25', 181, NULL),
(1059, 0, NULL, 4, NULL, NULL, NULL, '2017-06-25', 182, NULL),
(1060, 0, NULL, 4, NULL, NULL, NULL, '2017-06-25', 183, NULL),
(1061, 0, NULL, 4, NULL, NULL, NULL, '2017-06-25', 184, NULL),
(1062, 0, NULL, 4, NULL, NULL, NULL, '2017-06-25', 185, NULL),
(1063, 0, NULL, 4, NULL, NULL, NULL, '2017-06-25', 186, NULL),
(1064, 0, NULL, 4, NULL, NULL, NULL, '2017-06-25', 187, NULL),
(1065, 0, NULL, 4, NULL, NULL, NULL, '2017-06-25', 188, NULL),
(1066, 0, NULL, 4, NULL, NULL, NULL, '2017-06-25', 189, NULL),
(1067, 0, NULL, 4, NULL, NULL, NULL, '2017-06-25', 190, NULL),
(1068, 0, NULL, 4, NULL, NULL, NULL, '2017-06-25', 191, NULL),
(1069, 0, NULL, 4, NULL, NULL, NULL, '2017-06-25', 192, NULL),
(1070, 0, NULL, 4, NULL, NULL, NULL, '2017-06-25', 193, NULL),
(1071, 0, NULL, 4, NULL, NULL, NULL, '2017-06-25', 194, NULL),
(1072, 0, NULL, 8.33, NULL, NULL, NULL, '2017-06-25', 195, NULL),
(1073, 0, NULL, 33.33, NULL, NULL, NULL, '2017-06-25', 196, NULL),
(1074, 0, NULL, 33.33, NULL, NULL, NULL, '2017-06-25', 197, NULL),
(1075, 0, NULL, 16.67, NULL, NULL, NULL, '2017-06-25', 198, NULL),
(1076, 0, NULL, 16.67, NULL, NULL, NULL, '2017-06-25', 199, NULL),
(1077, 0, NULL, 16.67, NULL, NULL, NULL, '2017-06-25', 200, NULL),
(1078, 0, NULL, 16.67, NULL, NULL, NULL, '2017-06-25', 201, NULL),
(1079, 0, NULL, 16.67, NULL, NULL, NULL, '2017-06-25', 202, NULL),
(1080, 0, NULL, 16.65, NULL, NULL, NULL, '2017-06-25', 203, NULL),
(1081, 0, NULL, 33.34, NULL, NULL, NULL, '2017-06-25', 204, NULL),
(1082, 0, NULL, 14.29, NULL, NULL, NULL, '2017-06-25', 205, NULL),
(1083, 0, NULL, 14.29, NULL, NULL, NULL, '2017-06-25', 206, NULL),
(1084, 0, NULL, 14.29, NULL, NULL, NULL, '2017-06-25', 207, NULL),
(1085, 0, NULL, 14.29, NULL, NULL, NULL, '2017-06-25', 208, NULL),
(1086, 0, NULL, 14.29, NULL, NULL, NULL, '2017-06-25', 209, NULL),
(1087, 0, NULL, 14.29, NULL, NULL, NULL, '2017-06-25', 210, NULL),
(1088, 0, NULL, 14.26, NULL, NULL, NULL, '2017-06-25', 211, NULL),
(1089, 0, NULL, 8.33, NULL, NULL, NULL, '2017-06-25', 261, NULL),
(1090, 0, NULL, 50, NULL, NULL, NULL, '2017-06-25', 262, NULL),
(1091, 0, NULL, 50, NULL, NULL, NULL, '2017-06-25', 263, NULL),
(1092, 0, NULL, 8.33, NULL, NULL, NULL, '2017-06-25', 257, NULL),
(1093, 0, NULL, 100, NULL, NULL, NULL, '2017-06-25', 259, NULL),
(1094, 0, NULL, 8.33, NULL, NULL, NULL, '2017-06-25', 140, NULL),
(1095, 0, NULL, 33.33, NULL, NULL, NULL, '2017-06-25', 163, NULL),
(1096, 0, NULL, 33.33, NULL, NULL, NULL, '2017-06-25', 164, NULL),
(1097, 0, NULL, 33.34, NULL, NULL, NULL, '2017-06-25', 165, NULL),
(1098, 0, NULL, 8.33, NULL, NULL, NULL, '2017-06-25', 256, NULL),
(1099, 0, NULL, 8.33, NULL, NULL, NULL, '2017-06-25', 264, NULL),
(1100, 0, NULL, 5.88, NULL, NULL, NULL, '2017-06-25', 265, NULL),
(1101, 0, NULL, 5.88, NULL, NULL, NULL, '2017-06-25', 266, NULL),
(1102, 0, NULL, 5.88, NULL, NULL, NULL, '2017-06-25', 267, NULL),
(1103, 0, NULL, 5.88, NULL, NULL, NULL, '2017-06-25', 268, NULL),
(1104, 0, NULL, 5.88, NULL, NULL, NULL, '2017-06-25', 269, NULL),
(1105, 0, NULL, 5.88, NULL, NULL, NULL, '2017-06-25', 270, NULL),
(1106, 0, NULL, 5.88, NULL, NULL, NULL, '2017-06-25', 271, NULL),
(1107, 0, NULL, 5.88, NULL, NULL, NULL, '2017-06-25', 272, NULL),
(1108, 0, NULL, 5.88, NULL, NULL, NULL, '2017-06-25', 273, NULL),
(1109, 0, NULL, 5.88, NULL, NULL, NULL, '2017-06-25', 274, NULL),
(1110, 0, NULL, 5.88, NULL, NULL, NULL, '2017-06-25', 275, NULL),
(1111, 0, NULL, 5.88, NULL, NULL, NULL, '2017-06-25', 276, NULL),
(1112, 0, NULL, 5.88, NULL, NULL, NULL, '2017-06-25', 277, NULL),
(1113, 0, NULL, 5.88, NULL, NULL, NULL, '2017-06-25', 278, NULL),
(1114, 0, NULL, 5.88, NULL, NULL, NULL, '2017-06-25', 279, NULL),
(1115, 0, NULL, 5.88, NULL, NULL, NULL, '2017-06-25', 280, NULL),
(1116, 0, NULL, 5.92, NULL, NULL, NULL, '2017-06-25', 281, NULL),
(1117, 0, NULL, 8.33, NULL, NULL, NULL, '2017-06-25', 217, NULL),
(1118, 0, NULL, 4, NULL, NULL, NULL, '2017-06-25', 282, NULL),
(1119, 0, NULL, 4, NULL, NULL, NULL, '2017-06-25', 283, NULL),
(1120, 0, NULL, 4, NULL, NULL, NULL, '2017-06-25', 284, NULL),
(1121, 0, NULL, 4, NULL, NULL, NULL, '2017-06-25', 285, NULL),
(1122, 0, NULL, 4, NULL, NULL, NULL, '2017-06-25', 286, NULL),
(1123, 0, NULL, 4, NULL, NULL, NULL, '2017-06-25', 287, NULL),
(1124, 0, NULL, 4, NULL, NULL, NULL, '2017-06-25', 288, NULL),
(1125, 0, NULL, 4, NULL, NULL, NULL, '2017-06-25', 289, NULL),
(1126, 0, NULL, 4, NULL, NULL, NULL, '2017-06-25', 290, NULL),
(1127, 0, NULL, 4, NULL, NULL, NULL, '2017-06-25', 291, NULL),
(1128, 0, NULL, 4, NULL, NULL, NULL, '2017-06-25', 292, NULL),
(1129, 0, NULL, 4, NULL, NULL, NULL, '2017-06-25', 293, NULL),
(1130, 0, NULL, 4, NULL, NULL, NULL, '2017-06-25', 294, NULL),
(1131, 0, NULL, 4, NULL, NULL, NULL, '2017-06-25', 295, NULL),
(1132, 0, NULL, 4, NULL, NULL, NULL, '2017-06-25', 296, NULL),
(1133, 0, NULL, 4, NULL, NULL, NULL, '2017-06-25', 297, NULL),
(1134, 0, NULL, 4, NULL, NULL, NULL, '2017-06-25', 298, NULL),
(1135, 0, NULL, 4, NULL, NULL, NULL, '2017-06-25', 299, NULL),
(1136, 0, NULL, 4, NULL, NULL, NULL, '2017-06-25', 300, NULL),
(1137, 0, NULL, 4, NULL, NULL, NULL, '2017-06-25', 301, NULL),
(1138, 0, NULL, 4, NULL, NULL, NULL, '2017-06-25', 302, NULL),
(1139, 0, NULL, 4, NULL, NULL, NULL, '2017-06-25', 303, NULL),
(1140, 0, NULL, 4, NULL, NULL, NULL, '2017-06-25', 304, NULL),
(1141, 0, NULL, 4, NULL, NULL, NULL, '2017-06-25', 305, NULL),
(1142, 0, NULL, 4, NULL, NULL, NULL, '2017-06-25', 306, NULL),
(1143, 0, NULL, 8.33, NULL, NULL, NULL, '2017-06-25', 307, NULL),
(1144, 0, NULL, 8.33, NULL, NULL, NULL, '2017-06-25', 253, NULL),
(1145, 0, NULL, 33.33, NULL, NULL, NULL, '2017-06-25', 254, NULL),
(1146, 0, NULL, 33.33, NULL, NULL, NULL, '2017-06-25', 255, NULL),
(1147, 0, NULL, 33.34, NULL, NULL, NULL, '2017-06-25', 260, NULL),
(1148, 0, NULL, 8.37, NULL, NULL, NULL, '2017-06-25', 104, NULL),
(1149, 0, NULL, 5.26, NULL, NULL, NULL, '2017-06-25', 105, NULL),
(1150, 0, NULL, 5.26, NULL, NULL, NULL, '2017-06-25', 106, NULL),
(1151, 0, NULL, 5.26, NULL, NULL, NULL, '2017-06-25', 107, NULL),
(1152, 0, NULL, 5.26, NULL, NULL, NULL, '2017-06-25', 108, NULL),
(1153, 0, NULL, 5.26, NULL, NULL, NULL, '2017-06-25', 109, NULL),
(1154, 0, NULL, 50, NULL, NULL, NULL, '2017-06-25', 110, NULL),
(1155, 0, NULL, 50, NULL, NULL, NULL, '2017-06-25', 111, NULL),
(1156, 0, NULL, 5.26, NULL, NULL, NULL, '2017-06-25', 112, NULL),
(1157, 0, NULL, 50, NULL, NULL, NULL, '2017-06-25', 113, NULL),
(1158, 0, NULL, 50, NULL, NULL, NULL, '2017-06-25', 114, NULL),
(1159, 0, NULL, 5.26, NULL, NULL, NULL, '2017-06-25', 115, NULL),
(1160, 0, NULL, 50, NULL, NULL, NULL, '2017-06-25', 116, NULL),
(1161, 0, NULL, 50, NULL, NULL, NULL, '2017-06-25', 117, NULL),
(1162, 0, NULL, 5.26, NULL, NULL, NULL, '2017-06-25', 118, NULL),
(1163, 0, NULL, 50, NULL, NULL, NULL, '2017-06-25', 119, NULL),
(1164, 0, NULL, 50, NULL, NULL, NULL, '2017-06-25', 120, NULL),
(1165, 0, NULL, 5.26, NULL, NULL, NULL, '2017-06-25', 121, NULL),
(1166, 0, NULL, 25, NULL, NULL, NULL, '2017-06-25', 122, NULL),
(1167, 0, NULL, 25, NULL, NULL, NULL, '2017-06-25', 123, NULL),
(1168, 0, NULL, 25, NULL, NULL, NULL, '2017-06-25', 124, NULL),
(1169, 0, NULL, 25, NULL, NULL, NULL, '2017-06-25', 125, NULL),
(1170, 0, NULL, 5.26, NULL, NULL, NULL, '2017-06-25', 126, NULL),
(1171, 0, NULL, 25, NULL, NULL, NULL, '2017-06-25', 127, NULL),
(1172, 0, NULL, 25, NULL, NULL, NULL, '2017-06-25', 128, NULL),
(1173, 0, NULL, 25, NULL, NULL, NULL, '2017-06-25', 129, NULL),
(1174, 0, NULL, 25, NULL, NULL, NULL, '2017-06-25', 130, NULL),
(1175, 0, NULL, 5.26, NULL, NULL, NULL, '2017-06-25', 131, NULL),
(1176, 0, NULL, 50, NULL, NULL, NULL, '2017-06-25', 132, NULL),
(1177, 0, NULL, 50, NULL, NULL, NULL, '2017-06-25', 133, NULL),
(1178, 0, NULL, 5.26, NULL, NULL, NULL, '2017-06-25', 134, NULL),
(1179, 0, NULL, 50, NULL, NULL, NULL, '2017-06-25', 135, NULL),
(1180, 0, NULL, 50, NULL, NULL, NULL, '2017-06-25', 136, NULL),
(1181, 0, NULL, 5.26, NULL, NULL, NULL, '2017-06-25', 137, NULL),
(1182, 0, NULL, 50, NULL, NULL, NULL, '2017-06-25', 138, NULL),
(1183, 0, NULL, 50, NULL, NULL, NULL, '2017-06-25', 139, NULL),
(1184, 0, NULL, 5.26, NULL, NULL, NULL, '2017-06-25', 141, NULL),
(1185, 0, NULL, 33.33, NULL, NULL, NULL, '2017-06-25', 142, NULL),
(1186, 0, NULL, 33.33, NULL, NULL, NULL, '2017-06-25', 143, NULL),
(1187, 0, NULL, 33.34, NULL, NULL, NULL, '2017-06-25', 144, NULL),
(1188, 0, NULL, 5.26, NULL, NULL, NULL, '2017-06-25', 145, NULL),
(1189, 0, NULL, 33.33, NULL, NULL, NULL, '2017-06-25', 146, NULL),
(1190, 0, NULL, 33.33, NULL, NULL, NULL, '2017-06-25', 147, NULL),
(1191, 0, NULL, 33.34, NULL, NULL, NULL, '2017-06-25', 148, NULL),
(1192, 0, NULL, 5.26, NULL, NULL, NULL, '2017-06-25', 149, NULL),
(1193, 0, NULL, 50, NULL, NULL, NULL, '2017-06-25', 150, NULL),
(1194, 0, NULL, 50, NULL, NULL, NULL, '2017-06-25', 151, NULL),
(1195, 0, NULL, 5.26, NULL, NULL, NULL, '2017-06-25', 153, NULL),
(1196, 0, NULL, 50, NULL, NULL, NULL, '2017-06-25', 154, NULL),
(1197, 0, NULL, 50, NULL, NULL, NULL, '2017-06-25', 155, NULL),
(1198, 0, NULL, 5.26, NULL, NULL, NULL, '2017-06-25', 156, NULL),
(1199, 0, NULL, 33.33, NULL, NULL, NULL, '2017-06-25', 157, NULL),
(1200, 0, NULL, 33.33, NULL, NULL, NULL, '2017-06-25', 158, NULL),
(1201, 0, NULL, 33.34, NULL, NULL, NULL, '2017-06-25', 159, NULL),
(1202, 0, NULL, 5.32, NULL, NULL, NULL, '2017-06-25', 160, NULL),
(1203, 0, NULL, 50, NULL, NULL, NULL, '2017-06-25', 161, NULL),
(1204, 0, NULL, 50, NULL, NULL, NULL, '2017-06-25', 162, NULL),
(1205, 0, NULL, 7.14, NULL, NULL, NULL, '2017-06-25', 212, NULL),
(1206, 0, NULL, 11.11, NULL, NULL, NULL, '2017-06-25', 213, NULL),
(1207, 0, NULL, 11.11, NULL, NULL, NULL, '2017-06-25', 214, NULL),
(1208, 0, NULL, 11.11, NULL, NULL, NULL, '2017-06-25', 215, NULL),
(1209, 0, NULL, 11.11, NULL, NULL, NULL, '2017-06-25', 216, NULL),
(1210, 0, NULL, 11.11, NULL, NULL, NULL, '2017-06-25', 218, NULL),
(1211, 0, NULL, 11.11, NULL, NULL, NULL, '2017-06-25', 219, NULL),
(1212, 0, NULL, 12.5, NULL, NULL, NULL, '2017-06-25', 220, NULL),
(1213, 0, NULL, 12.5, NULL, NULL, NULL, '2017-06-25', 221, NULL),
(1214, 0, NULL, 12.5, NULL, NULL, NULL, '2017-06-25', 222, NULL),
(1215, 0, NULL, 12.5, NULL, NULL, NULL, '2017-06-25', 223, NULL),
(1216, 0, NULL, 12.5, NULL, NULL, NULL, '2017-06-25', 224, NULL),
(1217, 0, NULL, 12.5, NULL, NULL, NULL, '2017-06-25', 225, NULL),
(1218, 0, NULL, 12.5, NULL, NULL, NULL, '2017-06-25', 226, NULL),
(1219, 0, NULL, 12.5, NULL, NULL, NULL, '2017-06-25', 227, NULL),
(1220, 0, NULL, 11.11, NULL, NULL, NULL, '2017-06-25', 228, NULL),
(1221, 0, NULL, 33.33, NULL, NULL, NULL, '2017-06-25', 229, NULL),
(1222, 0, NULL, 33.33, NULL, NULL, NULL, '2017-06-25', 230, NULL),
(1223, 0, NULL, 33.34, NULL, NULL, NULL, '2017-06-25', 231, NULL),
(1224, 0, NULL, 11.11, NULL, NULL, NULL, '2017-06-25', 232, NULL),
(1225, 0, NULL, 8.33, NULL, NULL, NULL, '2017-06-25', 233, NULL),
(1226, 0, NULL, 8.33, NULL, NULL, NULL, '2017-06-25', 234, NULL),
(1227, 0, NULL, 8.33, NULL, NULL, NULL, '2017-06-25', 235, NULL),
(1228, 0, NULL, 8.33, NULL, NULL, NULL, '2017-06-25', 236, NULL),
(1229, 0, NULL, 8.33, NULL, NULL, NULL, '2017-06-25', 237, NULL),
(1230, 0, NULL, 8.33, NULL, NULL, NULL, '2017-06-25', 238, NULL),
(1231, 0, NULL, 8.33, NULL, NULL, NULL, '2017-06-25', 239, NULL),
(1232, 0, NULL, 8.33, NULL, NULL, NULL, '2017-06-25', 240, NULL),
(1233, 0, NULL, 8.33, NULL, NULL, NULL, '2017-06-25', 241, NULL),
(1234, 0, NULL, 8.33, NULL, NULL, NULL, '2017-06-25', 242, NULL),
(1235, 0, NULL, 8.33, NULL, NULL, NULL, '2017-06-25', 243, NULL),
(1236, 0, NULL, 8.37, NULL, NULL, NULL, '2017-06-25', 244, NULL),
(1237, 0, NULL, 11.12, NULL, NULL, NULL, '2017-06-25', 245, NULL),
(1238, 0, NULL, 14.29, NULL, NULL, NULL, '2017-06-25', 246, NULL),
(1239, 0, NULL, 14.29, NULL, NULL, NULL, '2017-06-25', 247, NULL),
(1240, 0, NULL, 14.29, NULL, NULL, NULL, '2017-06-25', 248, NULL),
(1241, 0, NULL, 14.29, NULL, NULL, NULL, '2017-06-25', 249, NULL),
(1242, 0, NULL, 14.29, NULL, NULL, NULL, '2017-06-25', 250, NULL),
(1243, 0, NULL, 14.29, NULL, NULL, NULL, '2017-06-25', 251, NULL),
(1244, 0, NULL, 14.26, NULL, NULL, NULL, '2017-06-25', 252, NULL),
(1245, 0, NULL, 7.14, NULL, NULL, NULL, '2017-06-25', 152, NULL),
(1246, 0, NULL, 50, NULL, NULL, NULL, '2017-06-25', 166, NULL),
(1247, 0, NULL, 50, NULL, NULL, NULL, '2017-06-25', 167, NULL),
(1248, 0, NULL, 4, NULL, NULL, NULL, '2017-06-25', 168, NULL),
(1249, 0, NULL, 4, NULL, NULL, NULL, '2017-06-25', 169, NULL),
(1250, 0, NULL, 4, NULL, NULL, NULL, '2017-06-25', 172, NULL),
(1251, 0, NULL, 4, NULL, NULL, NULL, '2017-06-25', 173, NULL),
(1252, 0, NULL, 4, NULL, NULL, NULL, '2017-06-25', 174, NULL),
(1253, 0, NULL, 4, NULL, NULL, NULL, '2017-06-25', 175, NULL),
(1254, 0, NULL, 4, NULL, NULL, NULL, '2017-06-25', 176, NULL),
(1255, 0, NULL, 4, NULL, NULL, NULL, '2017-06-25', 177, NULL),
(1256, 0, NULL, 4, NULL, NULL, NULL, '2017-06-25', 178, NULL),
(1257, 0, NULL, 4, NULL, NULL, NULL, '2017-06-25', 179, NULL),
(1258, 0, NULL, 4, NULL, NULL, NULL, '2017-06-25', 180, NULL),
(1259, 0, NULL, 4, NULL, NULL, NULL, '2017-06-25', 181, NULL),
(1260, 0, NULL, 4, NULL, NULL, NULL, '2017-06-25', 182, NULL),
(1261, 0, NULL, 4, NULL, NULL, NULL, '2017-06-25', 183, NULL),
(1262, 0, NULL, 4, NULL, NULL, NULL, '2017-06-25', 184, NULL),
(1263, 0, NULL, 4, NULL, NULL, NULL, '2017-06-25', 185, NULL),
(1264, 0, NULL, 4, NULL, NULL, NULL, '2017-06-25', 186, NULL),
(1265, 0, NULL, 4, NULL, NULL, NULL, '2017-06-25', 187, NULL),
(1266, 0, NULL, 4, NULL, NULL, NULL, '2017-06-25', 188, NULL),
(1267, 0, NULL, 4, NULL, NULL, NULL, '2017-06-25', 189, NULL),
(1268, 0, NULL, 4, NULL, NULL, NULL, '2017-06-25', 190, NULL),
(1269, 0, NULL, 4, NULL, NULL, NULL, '2017-06-25', 191, NULL),
(1270, 0, NULL, 4, NULL, NULL, NULL, '2017-06-25', 192, NULL),
(1271, 0, NULL, 4, NULL, NULL, NULL, '2017-06-25', 193, NULL),
(1272, 0, NULL, 4, NULL, NULL, NULL, '2017-06-25', 194, NULL),
(1273, 0, NULL, 7.14, NULL, NULL, NULL, '2017-06-25', 195, NULL),
(1274, 0, NULL, 33.33, NULL, NULL, NULL, '2017-06-25', 196, NULL),
(1275, 0, NULL, 33.33, NULL, NULL, NULL, '2017-06-25', 197, NULL),
(1276, 0, NULL, 16.67, NULL, NULL, NULL, '2017-06-25', 198, NULL),
(1277, 0, NULL, 16.67, NULL, NULL, NULL, '2017-06-25', 199, NULL),
(1278, 0, NULL, 16.67, NULL, NULL, NULL, '2017-06-25', 200, NULL),
(1279, 0, NULL, 16.67, NULL, NULL, NULL, '2017-06-25', 201, NULL),
(1280, 0, NULL, 16.67, NULL, NULL, NULL, '2017-06-25', 202, NULL),
(1281, 0, NULL, 16.65, NULL, NULL, NULL, '2017-06-25', 203, NULL),
(1282, 0, NULL, 33.34, NULL, NULL, NULL, '2017-06-25', 204, NULL),
(1283, 0, NULL, 14.29, NULL, NULL, NULL, '2017-06-25', 205, NULL),
(1284, 0, NULL, 14.29, NULL, NULL, NULL, '2017-06-25', 206, NULL),
(1285, 0, NULL, 14.29, NULL, NULL, NULL, '2017-06-25', 207, NULL),
(1286, 0, NULL, 14.29, NULL, NULL, NULL, '2017-06-25', 208, NULL),
(1287, 0, NULL, 14.29, NULL, NULL, NULL, '2017-06-25', 209, NULL),
(1288, 0, NULL, 14.29, NULL, NULL, NULL, '2017-06-25', 210, NULL),
(1289, 0, NULL, 14.26, NULL, NULL, NULL, '2017-06-25', 211, NULL),
(1290, 0, NULL, 7.14, NULL, NULL, NULL, '2017-06-25', 261, NULL),
(1291, 0, NULL, 50, NULL, NULL, NULL, '2017-06-25', 262, NULL),
(1292, 0, NULL, 50, NULL, NULL, NULL, '2017-06-25', 263, NULL),
(1293, 0, NULL, 7.14, NULL, NULL, NULL, '2017-06-25', 257, NULL),
(1294, 0, NULL, 100, NULL, NULL, NULL, '2017-06-25', 259, NULL),
(1295, 0, NULL, 7.14, NULL, NULL, NULL, '2017-06-25', 140, NULL),
(1296, 0, NULL, 33.33, NULL, NULL, NULL, '2017-06-25', 163, NULL),
(1297, 0, NULL, 33.33, NULL, NULL, NULL, '2017-06-25', 164, NULL),
(1298, 0, NULL, 33.34, NULL, NULL, NULL, '2017-06-25', 165, NULL),
(1299, 0, NULL, 7.14, NULL, NULL, NULL, '2017-06-25', 256, NULL),
(1300, 0, NULL, 7.14, NULL, NULL, NULL, '2017-06-25', 264, NULL),
(1301, 0, NULL, 5.88, NULL, NULL, NULL, '2017-06-25', 265, NULL),
(1302, 0, NULL, 5.88, NULL, NULL, NULL, '2017-06-25', 266, NULL),
(1303, 0, NULL, 5.88, NULL, NULL, NULL, '2017-06-25', 267, NULL),
(1304, 0, NULL, 5.88, NULL, NULL, NULL, '2017-06-25', 268, NULL),
(1305, 0, NULL, 5.88, NULL, NULL, NULL, '2017-06-25', 269, NULL),
(1306, 0, NULL, 5.88, NULL, NULL, NULL, '2017-06-25', 270, NULL),
(1307, 0, NULL, 5.88, NULL, NULL, NULL, '2017-06-25', 271, NULL),
(1308, 0, NULL, 5.88, NULL, NULL, NULL, '2017-06-25', 272, NULL),
(1309, 0, NULL, 5.88, NULL, NULL, NULL, '2017-06-25', 273, NULL),
(1310, 0, NULL, 5.88, NULL, NULL, NULL, '2017-06-25', 274, NULL),
(1311, 0, NULL, 5.88, NULL, NULL, NULL, '2017-06-25', 275, NULL),
(1312, 0, NULL, 5.88, NULL, NULL, NULL, '2017-06-25', 276, NULL),
(1313, 0, NULL, 5.88, NULL, NULL, NULL, '2017-06-25', 277, NULL),
(1314, 0, NULL, 5.88, NULL, NULL, NULL, '2017-06-25', 278, NULL),
(1315, 0, NULL, 5.88, NULL, NULL, NULL, '2017-06-25', 279, NULL),
(1316, 0, NULL, 5.88, NULL, NULL, NULL, '2017-06-25', 280, NULL),
(1317, 0, NULL, 5.92, NULL, NULL, NULL, '2017-06-25', 281, NULL),
(1318, 0, NULL, 7.14, NULL, NULL, NULL, '2017-06-25', 308, NULL),
(1319, 0, NULL, 100, NULL, NULL, NULL, '2017-06-25', 309, NULL),
(1320, 0, NULL, 7.14, NULL, NULL, NULL, '2017-06-25', 217, NULL),
(1321, 0, NULL, 4, NULL, NULL, NULL, '2017-06-25', 282, NULL),
(1322, 0, NULL, 4, NULL, NULL, NULL, '2017-06-25', 283, NULL),
(1323, 0, NULL, 4, NULL, NULL, NULL, '2017-06-25', 284, NULL),
(1324, 0, NULL, 4, NULL, NULL, NULL, '2017-06-25', 285, NULL),
(1325, 0, NULL, 4, NULL, NULL, NULL, '2017-06-25', 286, NULL),
(1326, 0, NULL, 4, NULL, NULL, NULL, '2017-06-25', 287, NULL),
(1327, 0, NULL, 4, NULL, NULL, NULL, '2017-06-25', 288, NULL),
(1328, 0, NULL, 4, NULL, NULL, NULL, '2017-06-25', 289, NULL),
(1329, 0, NULL, 4, NULL, NULL, NULL, '2017-06-25', 290, NULL),
(1330, 0, NULL, 4, NULL, NULL, NULL, '2017-06-25', 291, NULL),
(1331, 0, NULL, 4, NULL, NULL, NULL, '2017-06-25', 292, NULL),
(1332, 0, NULL, 4, NULL, NULL, NULL, '2017-06-25', 293, NULL),
(1333, 0, NULL, 4, NULL, NULL, NULL, '2017-06-25', 294, NULL),
(1334, 0, NULL, 4, NULL, NULL, NULL, '2017-06-25', 295, NULL),
(1335, 0, NULL, 4, NULL, NULL, NULL, '2017-06-25', 296, NULL),
(1336, 0, NULL, 4, NULL, NULL, NULL, '2017-06-25', 297, NULL),
(1337, 0, NULL, 4, NULL, NULL, NULL, '2017-06-25', 298, NULL),
(1338, 0, NULL, 4, NULL, NULL, NULL, '2017-06-25', 299, NULL),
(1339, 0, NULL, 4, NULL, NULL, NULL, '2017-06-25', 300, NULL),
(1340, 0, NULL, 4, NULL, NULL, NULL, '2017-06-25', 301, NULL),
(1341, 0, NULL, 4, NULL, NULL, NULL, '2017-06-25', 302, NULL),
(1342, 0, NULL, 4, NULL, NULL, NULL, '2017-06-25', 303, NULL),
(1343, 0, NULL, 4, NULL, NULL, NULL, '2017-06-25', 304, NULL),
(1344, 0, NULL, 4, NULL, NULL, NULL, '2017-06-25', 305, NULL),
(1345, 0, NULL, 4, NULL, NULL, NULL, '2017-06-25', 306, NULL),
(1346, 0, NULL, 7.14, NULL, NULL, NULL, '2017-06-25', 307, NULL),
(1347, 0, NULL, 7.14, NULL, NULL, NULL, '2017-06-25', 253, NULL),
(1348, 0, NULL, 33.33, NULL, NULL, NULL, '2017-06-25', 254, NULL),
(1349, 0, NULL, 33.33, NULL, NULL, NULL, '2017-06-25', 255, NULL),
(1350, 0, NULL, 33.34, NULL, NULL, NULL, '2017-06-25', 260, NULL),
(1351, 0, NULL, 7.14, NULL, NULL, NULL, '2017-06-25', 104, NULL),
(1352, 0, NULL, 5.26, NULL, NULL, NULL, '2017-06-25', 105, NULL),
(1353, 0, NULL, 5.26, NULL, NULL, NULL, '2017-06-25', 106, NULL),
(1354, 0, NULL, 5.26, NULL, NULL, NULL, '2017-06-25', 107, NULL),
(1355, 0, NULL, 5.26, NULL, NULL, NULL, '2017-06-25', 108, NULL),
(1356, 0, NULL, 5.26, NULL, NULL, NULL, '2017-06-25', 109, NULL),
(1357, 0, NULL, 50, NULL, NULL, NULL, '2017-06-25', 110, NULL),
(1358, 0, NULL, 50, NULL, NULL, NULL, '2017-06-25', 111, NULL),
(1359, 0, NULL, 5.26, NULL, NULL, NULL, '2017-06-25', 112, NULL),
(1360, 0, NULL, 50, NULL, NULL, NULL, '2017-06-25', 113, NULL),
(1361, 0, NULL, 50, NULL, NULL, NULL, '2017-06-25', 114, NULL),
(1362, 0, NULL, 5.26, NULL, NULL, NULL, '2017-06-25', 115, NULL),
(1363, 0, NULL, 50, NULL, NULL, NULL, '2017-06-25', 116, NULL),
(1364, 0, NULL, 50, NULL, NULL, NULL, '2017-06-25', 117, NULL),
(1365, 0, NULL, 5.26, NULL, NULL, NULL, '2017-06-25', 118, NULL),
(1366, 0, NULL, 50, NULL, NULL, NULL, '2017-06-25', 119, NULL),
(1367, 0, NULL, 50, NULL, NULL, NULL, '2017-06-25', 120, NULL),
(1368, 0, NULL, 5.26, NULL, NULL, NULL, '2017-06-25', 121, NULL),
(1369, 0, NULL, 25, NULL, NULL, NULL, '2017-06-25', 122, NULL),
(1370, 0, NULL, 25, NULL, NULL, NULL, '2017-06-25', 123, NULL),
(1371, 0, NULL, 25, NULL, NULL, NULL, '2017-06-25', 124, NULL),
(1372, 0, NULL, 25, NULL, NULL, NULL, '2017-06-25', 125, NULL),
(1373, 0, NULL, 5.26, NULL, NULL, NULL, '2017-06-25', 126, NULL),
(1374, 0, NULL, 25, NULL, NULL, NULL, '2017-06-25', 127, NULL),
(1375, 0, NULL, 25, NULL, NULL, NULL, '2017-06-25', 128, NULL),
(1376, 0, NULL, 25, NULL, NULL, NULL, '2017-06-25', 129, NULL),
(1377, 0, NULL, 25, NULL, NULL, NULL, '2017-06-25', 130, NULL),
(1378, 0, NULL, 5.26, NULL, NULL, NULL, '2017-06-25', 131, NULL),
(1379, 0, NULL, 50, NULL, NULL, NULL, '2017-06-25', 132, NULL),
(1380, 0, NULL, 50, NULL, NULL, NULL, '2017-06-25', 133, NULL),
(1381, 0, NULL, 5.26, NULL, NULL, NULL, '2017-06-25', 134, NULL),
(1382, 0, NULL, 50, NULL, NULL, NULL, '2017-06-25', 135, NULL),
(1383, 0, NULL, 50, NULL, NULL, NULL, '2017-06-25', 136, NULL),
(1384, 0, NULL, 5.26, NULL, NULL, NULL, '2017-06-25', 137, NULL),
(1385, 0, NULL, 50, NULL, NULL, NULL, '2017-06-25', 138, NULL),
(1386, 0, NULL, 50, NULL, NULL, NULL, '2017-06-25', 139, NULL),
(1387, 0, NULL, 5.26, NULL, NULL, NULL, '2017-06-25', 141, NULL),
(1388, 0, NULL, 33.33, NULL, NULL, NULL, '2017-06-25', 142, NULL),
(1389, 0, NULL, 33.33, NULL, NULL, NULL, '2017-06-25', 143, NULL),
(1390, 0, NULL, 33.34, NULL, NULL, NULL, '2017-06-25', 144, NULL),
(1391, 0, NULL, 5.26, NULL, NULL, NULL, '2017-06-25', 145, NULL),
(1392, 0, NULL, 33.33, NULL, NULL, NULL, '2017-06-25', 146, NULL),
(1393, 0, NULL, 33.33, NULL, NULL, NULL, '2017-06-25', 147, NULL),
(1394, 0, NULL, 33.34, NULL, NULL, NULL, '2017-06-25', 148, NULL),
(1395, 0, NULL, 5.26, NULL, NULL, NULL, '2017-06-25', 149, NULL),
(1396, 0, NULL, 50, NULL, NULL, NULL, '2017-06-25', 150, NULL),
(1397, 0, NULL, 50, NULL, NULL, NULL, '2017-06-25', 151, NULL),
(1398, 0, NULL, 5.26, NULL, NULL, NULL, '2017-06-25', 153, NULL),
(1399, 0, NULL, 50, NULL, NULL, NULL, '2017-06-25', 154, NULL),
(1400, 0, NULL, 50, NULL, NULL, NULL, '2017-06-25', 155, NULL),
(1401, 0, NULL, 5.26, NULL, NULL, NULL, '2017-06-25', 156, NULL),
(1402, 0, NULL, 33.33, NULL, NULL, NULL, '2017-06-25', 157, NULL),
(1403, 0, NULL, 33.33, NULL, NULL, NULL, '2017-06-25', 158, NULL),
(1404, 0, NULL, 33.34, NULL, NULL, NULL, '2017-06-25', 159, NULL),
(1405, 0, NULL, 5.32, NULL, NULL, NULL, '2017-06-25', 160, NULL),
(1406, 0, NULL, 50, NULL, NULL, NULL, '2017-06-25', 161, NULL),
(1407, 0, NULL, 50, NULL, NULL, NULL, '2017-06-25', 162, NULL),
(1408, 0, NULL, 7.18, NULL, NULL, NULL, '2017-06-25', 310, NULL),
(1409, 0, NULL, 50, NULL, NULL, NULL, '2017-06-25', 311, NULL),
(1410, 0, NULL, 50, NULL, NULL, NULL, '2017-06-25', 312, NULL),
(1411, 0, 10, 7.14, NULL, NULL, 2143.675, '1975-09-30', 212, NULL),
(1412, 0, 1.11, 11.11, NULL, NULL, 238.162, '1977-10-03', 213, NULL),
(1413, 0, 1.11, 11.11, NULL, NULL, 238.162, '2004-02-29', 214, NULL),
(1414, 0, 1.11, 11.11, NULL, NULL, 238.162, '2008-04-17', 215, NULL),
(1415, 0, 1.11, 11.11, NULL, NULL, 238.162, '1987-10-03', 216, NULL),
(1416, 0, 1.11, 11.11, NULL, NULL, 238.162, '1980-02-16', 218, NULL),
(1417, 0, 1.11, 11.11, NULL, NULL, 238.162, '2012-07-05', 219, NULL),
(1418, 0, 0.14, 12.5, NULL, NULL, 29.77, '2012-04-19', 220, NULL),
(1419, 0, 0.14, 12.5, NULL, NULL, 29.77, '1972-05-18', 221, NULL),
(1420, 0, 0.14, 12.5, NULL, NULL, 29.77, '1974-02-27', 222, NULL),
(1421, 0, 0.14, 12.5, NULL, NULL, 29.77, '1977-04-17', 223, NULL),
(1422, 0, 0.14, 12.5, NULL, NULL, 29.77, '1987-05-10', 224, NULL),
(1423, 0, 0.14, 12.5, NULL, NULL, 29.77, '1980-11-18', 225, NULL),
(1424, 0, 0.14, 12.5, NULL, NULL, 29.77, '2009-06-07', 226, NULL),
(1425, 0, 0.14, 12.5, NULL, NULL, 29.77, '2001-12-29', 227, NULL),
(1426, 0, 1.11, 11.11, NULL, NULL, 238.162, '2005-08-23', 228, NULL),
(1427, 0, 0.37, 33.33, NULL, NULL, 79.379, '2015-05-27', 229, NULL),
(1428, 0, 0.37, 33.33, NULL, NULL, 79.379, '1980-07-11', 230, NULL),
(1429, 0, 0.37, 33.34, NULL, NULL, 79.403, '2001-11-01', 231, NULL),
(1430, 0, 1.11, 11.11, NULL, NULL, 238.162, '1989-08-18', 232, NULL),
(1431, 0, 0.09, 8.33, NULL, NULL, 19.839, '2002-12-03', 233, NULL),
(1432, 0, 0.09, 8.33, NULL, NULL, 19.839, '1997-02-16', 234, NULL),
(1433, 0, 0.09, 8.33, NULL, NULL, 19.839, '2009-03-24', 235, NULL),
(1434, 0, 0.09, 8.33, NULL, NULL, 19.839, '2006-10-27', 236, NULL),
(1435, 0, 0.09, 8.33, NULL, NULL, 19.839, '1983-06-26', 237, NULL),
(1436, 0, 0.09, 8.33, NULL, NULL, 19.839, '1995-02-06', 238, NULL),
(1437, 0, 0.09, 8.33, NULL, NULL, 19.839, '2008-11-17', 239, NULL),
(1438, 0, 0.09, 8.33, NULL, NULL, 19.839, '1970-08-09', 240, NULL),
(1439, 0, 0.09, 8.33, NULL, NULL, 19.839, '2002-01-11', 241, NULL),
(1440, 0, 0.09, 8.33, NULL, NULL, 19.839, '2007-02-09', 242, NULL),
(1441, 0, 0.09, 8.33, NULL, NULL, 19.839, '1994-05-26', 243, NULL),
(1442, 0, 0.09, 8.37, NULL, NULL, 19.934, '1987-10-08', 244, NULL),
(1443, 0, 1.11, 11.12, NULL, NULL, 238.377, '1994-10-09', 245, NULL),
(1444, 0, 0.16, 14.29, NULL, NULL, 34.064, '1998-04-02', 246, NULL),
(1445, 0, 0.16, 14.29, NULL, NULL, 34.064, '1981-06-03', 247, NULL),
(1446, 0, 0.16, 14.29, NULL, NULL, 34.064, '1991-04-17', 248, NULL),
(1447, 0, 0.16, 14.29, NULL, NULL, 34.064, '1994-10-11', 249, NULL),
(1448, 0, 0.16, 14.29, NULL, NULL, 34.064, '1991-01-17', 250, NULL),
(1449, 0, 0.16, 14.29, NULL, NULL, 34.064, '2013-02-21', 251, NULL),
(1450, 0, 0.16, 14.26, NULL, NULL, 33.993, '1996-07-21', 252, NULL),
(1451, 0, 10, 7.14, NULL, NULL, 2143.675, '1999-10-27', 152, NULL),
(1452, 0, 5, 50, NULL, NULL, 1071.838, '2015-05-02', 166, NULL),
(1453, 0, 5, 50, NULL, NULL, 1071.838, '2009-12-14', 167, NULL),
(1454, 0, 0.2, 4, NULL, NULL, 42.874, '2004-01-01', 168, NULL),
(1455, 0, 0.2, 4, NULL, NULL, 42.874, '2009-08-28', 169, NULL),
(1456, 0, 0.2, 4, NULL, NULL, 42.874, '1991-05-27', 172, NULL),
(1457, 0, 0.2, 4, NULL, NULL, 42.874, '1986-01-08', 173, NULL),
(1458, 0, 0.2, 4, NULL, NULL, 42.874, '2001-05-17', 174, NULL),
(1459, 0, 0.2, 4, NULL, NULL, 42.874, '2005-03-28', 175, NULL),
(1460, 0, 0.2, 4, NULL, NULL, 42.874, '2010-10-16', 176, NULL),
(1461, 0, 0.2, 4, NULL, NULL, 42.874, '1976-08-18', 177, NULL),
(1462, 0, 0.2, 4, NULL, NULL, 42.874, '1983-06-15', 178, NULL),
(1463, 0, 0.2, 4, NULL, NULL, 42.874, '1995-06-11', 179, NULL),
(1464, 0, 0.2, 4, NULL, NULL, 42.874, '1979-05-01', 180, NULL),
(1465, 0, 0.2, 4, NULL, NULL, 42.874, '1974-09-20', 181, NULL),
(1466, 0, 0.2, 4, NULL, NULL, 42.874, '2001-03-24', 182, NULL),
(1467, 0, 0.2, 4, NULL, NULL, 42.874, '2012-10-07', 183, NULL),
(1468, 0, 0.2, 4, NULL, NULL, 42.874, '1990-11-26', 184, NULL),
(1469, 0, 0.2, 4, NULL, NULL, 42.874, '1987-05-05', 185, NULL),
(1470, 0, 0.2, 4, NULL, NULL, 42.874, '1976-06-02', 186, NULL),
(1471, 0, 0.2, 4, NULL, NULL, 42.874, '1970-06-30', 187, NULL),
(1472, 0, 0.2, 4, NULL, NULL, 42.874, '1993-08-23', 188, NULL),
(1473, 0, 0.2, 4, NULL, NULL, 42.874, '2016-06-25', 189, NULL),
(1474, 0, 0.2, 4, NULL, NULL, 42.874, '2000-09-18', 190, NULL),
(1475, 0, 0.2, 4, NULL, NULL, 42.874, '1976-08-12', 191, NULL),
(1476, 0, 0.2, 4, NULL, NULL, 42.874, '2013-01-22', 192, NULL),
(1477, 0, 0.2, 4, NULL, NULL, 42.874, '1994-02-04', 193, NULL),
(1478, 0, 0.2, 4, NULL, NULL, 42.874, '2012-08-14', 194, NULL),
(1479, 0, 10, 7.14, NULL, NULL, 2143.675, '1991-08-09', 195, NULL),
(1480, 0, 3.33, 33.33, NULL, NULL, 714.487, '1973-06-19', 196, NULL),
(1481, 0, 3.33, 33.33, NULL, NULL, 714.487, '1977-07-06', 197, NULL),
(1482, 0, 0.56, 16.67, NULL, NULL, 119.105, '1973-09-17', 198, NULL),
(1483, 0, 0.56, 16.67, NULL, NULL, 119.105, '2002-02-09', 199, NULL),
(1484, 0, 0.56, 16.67, NULL, NULL, 119.105, '2016-07-26', 200, NULL),
(1485, 0, 0.56, 16.67, NULL, NULL, 119.105, '1988-05-06', 201, NULL),
(1486, 0, 0.56, 16.67, NULL, NULL, 119.105, '1994-02-10', 202, NULL),
(1487, 0, 0.55, 16.65, NULL, NULL, 118.962, '1984-11-20', 203, NULL),
(1488, 0, 3.33, 33.34, NULL, NULL, 714.701, '1986-10-17', 204, NULL),
(1489, 0, 0.48, 14.29, NULL, NULL, 102.131, '2005-05-21', 205, NULL),
(1490, 0, 0.48, 14.29, NULL, NULL, 102.131, '1995-10-27', 206, NULL),
(1491, 0, 0.48, 14.29, NULL, NULL, 102.131, '1980-10-01', 207, NULL),
(1492, 0, 0.48, 14.29, NULL, NULL, 102.131, '1976-05-05', 208, NULL),
(1493, 0, 0.48, 14.29, NULL, NULL, 102.131, '2006-12-04', 209, NULL),
(1494, 0, 0.48, 14.29, NULL, NULL, 102.131, '1987-08-20', 210, NULL),
(1495, 0, 0.47, 14.26, NULL, NULL, 101.916, '1990-05-01', 211, NULL),
(1496, 0, 10, 7.14, NULL, NULL, 2143.675, '1992-01-08', 261, NULL),
(1497, 0, 5, 50, NULL, NULL, 1071.838, '1987-02-21', 262, NULL),
(1498, 0, 5, 50, NULL, NULL, 1071.838, '2015-07-25', 263, NULL),
(1499, 0, 10, 7.14, NULL, NULL, 2143.675, '1990-04-28', 257, NULL),
(1500, 0, 10, 100, NULL, NULL, 2143.675, '1988-06-03', 259, NULL),
(1501, 0, 10, 7.14, NULL, NULL, 2143.675, '1982-06-15', 140, NULL),
(1502, 0, 3.33, 33.33, NULL, NULL, 714.487, '2001-03-10', 163, NULL),
(1503, 0, 3.33, 33.33, NULL, NULL, 714.487, '1984-10-06', 164, NULL),
(1504, 0, 3.33, 33.34, NULL, NULL, 714.701, '1987-04-03', 165, NULL),
(1505, 0, 10, 7.14, NULL, NULL, 2143.675, '2013-02-09', 256, NULL),
(1506, 0, 10, 7.14, NULL, NULL, 2143.675, '2011-06-14', 264, NULL),
(1507, 0, 0.59, 5.88, NULL, NULL, 126.048, '1974-12-12', 265, NULL),
(1508, 0, 0.59, 5.88, NULL, NULL, 126.048, '1972-06-24', 266, NULL),
(1509, 0, 0.59, 5.88, NULL, NULL, 126.048, '1990-04-18', 267, NULL),
(1510, 0, 0.59, 5.88, NULL, NULL, 126.048, '2000-10-30', 268, NULL),
(1511, 0, 0.59, 5.88, NULL, NULL, 126.048, '1995-05-13', 269, NULL),
(1512, 0, 0.59, 5.88, NULL, NULL, 126.048, '1993-04-29', 270, NULL),
(1513, 0, 0.59, 5.88, NULL, NULL, 126.048, '2011-04-07', 271, NULL),
(1514, 0, 0.59, 5.88, NULL, NULL, 126.048, '1997-06-12', 272, NULL),
(1515, 0, 0.59, 5.88, NULL, NULL, 126.048, '1987-12-01', 273, NULL),
(1516, 0, 0.59, 5.88, NULL, NULL, 126.048, '2010-10-05', 274, NULL),
(1517, 0, 0.59, 5.88, NULL, NULL, 126.048, '1973-01-31', 275, NULL),
(1518, 0, 0.59, 5.88, NULL, NULL, 126.048, '2006-08-15', 276, NULL),
(1519, 0, 0.59, 5.88, NULL, NULL, 126.048, '1995-09-28', 277, NULL),
(1520, 0, 0.59, 5.88, NULL, NULL, 126.048, '1994-10-18', 278, NULL),
(1521, 0, 0.59, 5.88, NULL, NULL, 126.048, '1981-12-02', 279, NULL),
(1522, 0, 0.59, 5.88, NULL, NULL, 126.048, '1983-08-15', 280, NULL),
(1523, 0, 0.59, 5.92, NULL, NULL, 126.906, '1975-10-30', 281, NULL),
(1524, 0, 10, 7.14, NULL, NULL, 2143.675, '1972-08-01', 308, NULL),
(1525, 0, 10, 100, NULL, NULL, 2143.675, '2002-09-18', 309, NULL),
(1526, 0, 10, 7.14, NULL, NULL, 2143.675, '1981-10-30', 217, NULL),
(1527, 0, 0.4, 4, NULL, NULL, 85.747, '1973-11-03', 282, NULL),
(1528, 0, 0.4, 4, NULL, NULL, 85.747, '1981-07-07', 283, NULL),
(1529, 0, 0.4, 4, NULL, NULL, 85.747, '1977-03-03', 284, NULL),
(1530, 0, 0.4, 4, NULL, NULL, 85.747, '2003-01-08', 285, NULL),
(1531, 0, 0.4, 4, NULL, NULL, 85.747, '1985-10-19', 286, NULL),
(1532, 0, 0.4, 4, NULL, NULL, 85.747, '1983-06-14', 287, NULL),
(1533, 0, 0.4, 4, NULL, NULL, 85.747, '1989-12-04', 288, NULL),
(1534, 0, 0.4, 4, NULL, NULL, 85.747, '1972-10-24', 289, NULL),
(1535, 0, 0.4, 4, NULL, NULL, 85.747, '1988-05-22', 290, NULL),
(1536, 0, 0.4, 4, NULL, NULL, 85.747, '1971-07-09', 291, NULL),
(1537, 0, 0.4, 4, NULL, NULL, 85.747, '2011-06-12', 292, NULL),
(1538, 0, 0.4, 4, NULL, NULL, 85.747, '2007-07-18', 293, NULL),
(1539, 0, 0.4, 4, NULL, NULL, 85.747, '1990-02-13', 294, NULL),
(1540, 0, 0.4, 4, NULL, NULL, 85.747, '1978-01-16', 295, NULL),
(1541, 0, 0.4, 4, NULL, NULL, 85.747, '2003-06-20', 296, NULL),
(1542, 0, 0.4, 4, NULL, NULL, 85.747, '2007-07-10', 297, NULL),
(1543, 0, 0.4, 4, NULL, NULL, 85.747, '1984-06-25', 298, NULL),
(1544, 0, 0.4, 4, NULL, NULL, 85.747, '1990-01-15', 299, NULL),
(1545, 0, 0.4, 4, NULL, NULL, 85.747, '2007-05-27', 300, NULL),
(1546, 0, 0.4, 4, NULL, NULL, 85.747, '1984-03-12', 301, NULL),
(1547, 0, 0.4, 4, NULL, NULL, 85.747, '2006-09-12', 302, NULL),
(1548, 0, 0.4, 4, NULL, NULL, 85.747, '1998-02-19', 303, NULL),
(1549, 0, 0.4, 4, NULL, NULL, 85.747, '2003-11-11', 304, NULL),
(1550, 0, 0.4, 4, NULL, NULL, 85.747, '1982-12-06', 305, NULL),
(1551, 0, 0.4, 4, NULL, NULL, 85.747, '2008-03-14', 306, NULL),
(1552, 0, 10, 7.14, NULL, NULL, 2143.675, '2000-09-09', 307, NULL),
(1553, 0, 10, 7.14, NULL, NULL, 2143.675, '2016-03-09', 253, NULL),
(1554, 0, 3.33, 33.33, NULL, NULL, 714.487, '2009-11-07', 254, NULL),
(1555, 0, 3.33, 33.33, NULL, NULL, 714.487, '1995-07-19', 255, NULL),
(1556, 0, 3.33, 33.34, NULL, NULL, 714.701, '1986-07-13', 260, NULL),
(1557, 0, 10, 7.14, NULL, NULL, 2143.675, '1990-03-06', 104, NULL),
(1558, 0, 0.53, 5.26, NULL, NULL, 112.757, '1984-06-13', 105, NULL),
(1559, 0, 0.53, 5.26, NULL, NULL, 112.757, '2006-05-25', 106, NULL),
(1560, 0, 0.53, 5.26, NULL, NULL, 112.757, '1980-08-28', 107, NULL),
(1561, 0, 0.53, 5.26, NULL, NULL, 112.757, '2011-11-22', 108, NULL),
(1562, 0, 0.53, 5.26, NULL, NULL, 112.757, '1980-09-08', 109, NULL),
(1563, 0, 0.27, 50, NULL, NULL, 56.379, '1991-06-09', 110, NULL),
(1564, 0, 0.27, 50, NULL, NULL, 56.379, '1988-12-12', 111, NULL),
(1565, 0, 0.53, 5.26, NULL, NULL, 112.757, '2013-04-10', 112, NULL),
(1566, 0, 0.27, 50, NULL, NULL, 56.379, '1999-08-07', 113, NULL),
(1567, 0, 0.27, 50, NULL, NULL, 56.379, '2007-09-08', 114, NULL),
(1568, 0, 0.53, 5.26, NULL, NULL, 112.757, '2015-05-16', 115, NULL),
(1569, 0, 0.27, 50, NULL, NULL, 56.379, '1973-06-04', 116, NULL),
(1570, 0, 0.27, 50, NULL, NULL, 56.379, '2007-07-17', 117, NULL),
(1571, 0, 0.53, 5.26, NULL, NULL, 112.757, '2000-01-08', 118, NULL),
(1572, 0, 0.27, 50, NULL, NULL, 56.379, '1979-04-23', 119, NULL),
(1573, 0, 0.27, 50, NULL, NULL, 56.379, '1994-08-21', 120, NULL),
(1574, 0, 0.53, 5.26, NULL, NULL, 112.757, '1970-10-17', 121, NULL),
(1575, 0, 0.13, 25, NULL, NULL, 28.189, '1974-08-11', 122, NULL),
(1576, 0, 0.13, 25, NULL, NULL, 28.189, '1999-09-21', 123, NULL),
(1577, 0, 0.13, 25, NULL, NULL, 28.189, '1982-05-07', 124, NULL),
(1578, 0, 0.13, 25, NULL, NULL, 28.189, '1989-10-21', 125, NULL),
(1579, 0, 0.53, 5.26, NULL, NULL, 112.757, '1984-01-01', 126, NULL),
(1580, 0, 0.13, 25, NULL, NULL, 28.189, '1976-03-22', 127, NULL),
(1581, 0, 0.13, 25, NULL, NULL, 28.189, '2008-07-09', 128, NULL),
(1582, 0, 0.13, 25, NULL, NULL, 28.189, '1982-08-09', 129, NULL),
(1583, 0, 0.13, 25, NULL, NULL, 28.189, '1997-04-18', 130, NULL),
(1584, 0, 0.53, 5.26, NULL, NULL, 112.757, '1991-12-21', 131, NULL),
(1585, 0, 0.27, 50, NULL, NULL, 56.379, '2013-09-12', 132, NULL),
(1586, 0, 0.27, 50, NULL, NULL, 56.379, '1972-04-17', 133, NULL),
(1587, 0, 0.53, 5.26, NULL, NULL, 112.757, '2011-12-26', 134, NULL),
(1588, 0, 0.27, 50, NULL, NULL, 56.379, '2006-05-05', 135, NULL),
(1589, 0, 0.27, 50, NULL, NULL, 56.379, '1996-08-05', 136, NULL),
(1590, 0, 0.53, 5.26, NULL, NULL, 112.757, '1983-05-19', 137, NULL),
(1591, 0, 0.27, 50, NULL, NULL, 56.379, '1987-05-09', 138, NULL);
INSERT INTO `consumo` (`idConsumo`, `num_comp`, `Mbps_Asignado`, `Porc_Mbps`, `Costo_Mbps`, `Porc_Acum`, `SubTotal`, `Fecha`, `idArea`, `Estado`) VALUES
(1592, 0, 0.27, 50, NULL, NULL, 56.379, '1981-12-02', 139, NULL),
(1593, 0, 0.53, 5.26, NULL, NULL, 112.757, '1986-02-07', 141, NULL),
(1594, 0, 0.18, 33.33, NULL, NULL, 37.582, '1980-03-12', 142, NULL),
(1595, 0, 0.18, 33.33, NULL, NULL, 37.582, '1986-01-14', 143, NULL),
(1596, 0, 0.18, 33.34, NULL, NULL, 37.593, '2006-10-01', 144, NULL),
(1597, 0, 0.53, 5.26, NULL, NULL, 112.757, '1994-02-03', 145, NULL),
(1598, 0, 0.18, 33.33, NULL, NULL, 37.582, '1983-11-02', 146, NULL),
(1599, 0, 0.18, 33.33, NULL, NULL, 37.582, '2004-04-14', 147, NULL),
(1600, 0, 0.18, 33.34, NULL, NULL, 37.593, '2005-01-11', 148, NULL),
(1601, 0, 0.53, 5.26, NULL, NULL, 112.757, '2002-11-24', 149, NULL),
(1602, 0, 0.27, 50, NULL, NULL, 56.379, '2005-11-03', 150, NULL),
(1603, 0, 0.27, 50, NULL, NULL, 56.379, '2017-02-03', 151, NULL),
(1604, 0, 0.53, 5.26, NULL, NULL, 112.757, '1996-03-15', 153, NULL),
(1605, 0, 0.27, 50, NULL, NULL, 56.379, '1992-11-18', 154, NULL),
(1606, 0, 0.27, 50, NULL, NULL, 56.379, '1978-01-15', 155, NULL),
(1607, 0, 0.53, 5.26, NULL, NULL, 112.757, '1989-01-18', 156, NULL),
(1608, 0, 0.18, 33.33, NULL, NULL, 37.582, '2009-03-05', 157, NULL),
(1609, 0, 0.18, 33.33, NULL, NULL, 37.582, '2010-06-29', 158, NULL),
(1610, 0, 0.18, 33.34, NULL, NULL, 37.593, '2002-09-16', 159, NULL),
(1611, 0, 0.53, 5.32, NULL, NULL, 114.044, '1989-03-24', 160, NULL),
(1612, 0, 0.27, 50, NULL, NULL, 57.022, '1973-02-12', 161, NULL),
(1613, 0, 0.27, 50, NULL, NULL, 57.022, '1971-09-01', 162, NULL),
(1614, 0, 10.05, 7.18, NULL, NULL, 2155.684, '1982-08-11', 310, NULL),
(1615, 0, 5.03, 50, NULL, NULL, 1077.842, '1985-07-22', 311, NULL),
(1616, 0, 5.03, 50, NULL, NULL, 1077.842, '2001-01-21', 312, NULL),
(1617, 0, NULL, 6.67, NULL, NULL, NULL, '2017-06-25', 212, NULL),
(1618, 0, NULL, 11.11, NULL, NULL, NULL, '2017-06-25', 213, NULL),
(1619, 0, NULL, 11.11, NULL, NULL, NULL, '2017-06-25', 214, NULL),
(1620, 0, NULL, 11.11, NULL, NULL, NULL, '2017-06-25', 215, NULL),
(1621, 0, NULL, 11.11, NULL, NULL, NULL, '2017-06-25', 216, NULL),
(1622, 0, NULL, 11.11, NULL, NULL, NULL, '2017-06-25', 218, NULL),
(1623, 0, NULL, 11.11, NULL, NULL, NULL, '2017-06-25', 219, NULL),
(1624, 0, NULL, 12.5, NULL, NULL, NULL, '2017-06-25', 220, NULL),
(1625, 0, NULL, 12.5, NULL, NULL, NULL, '2017-06-25', 221, NULL),
(1626, 0, NULL, 12.5, NULL, NULL, NULL, '2017-06-25', 222, NULL),
(1627, 0, NULL, 12.5, NULL, NULL, NULL, '2017-06-25', 223, NULL),
(1628, 0, NULL, 12.5, NULL, NULL, NULL, '2017-06-25', 224, NULL),
(1629, 0, NULL, 12.5, NULL, NULL, NULL, '2017-06-25', 225, NULL),
(1630, 0, NULL, 12.5, NULL, NULL, NULL, '2017-06-25', 226, NULL),
(1631, 0, NULL, 12.5, NULL, NULL, NULL, '2017-06-25', 227, NULL),
(1632, 0, NULL, 11.11, NULL, NULL, NULL, '2017-06-25', 228, NULL),
(1633, 0, NULL, 33.33, NULL, NULL, NULL, '2017-06-25', 229, NULL),
(1634, 0, NULL, 33.33, NULL, NULL, NULL, '2017-06-25', 230, NULL),
(1635, 0, NULL, 33.34, NULL, NULL, NULL, '2017-06-25', 231, NULL),
(1636, 0, NULL, 11.11, NULL, NULL, NULL, '2017-06-25', 232, NULL),
(1637, 0, NULL, 8.33, NULL, NULL, NULL, '2017-06-25', 233, NULL),
(1638, 0, NULL, 8.33, NULL, NULL, NULL, '2017-06-25', 234, NULL),
(1639, 0, NULL, 8.33, NULL, NULL, NULL, '2017-06-25', 235, NULL),
(1640, 0, NULL, 8.33, NULL, NULL, NULL, '2017-06-25', 236, NULL),
(1641, 0, NULL, 8.33, NULL, NULL, NULL, '2017-06-25', 237, NULL),
(1642, 0, NULL, 8.33, NULL, NULL, NULL, '2017-06-25', 238, NULL),
(1643, 0, NULL, 8.33, NULL, NULL, NULL, '2017-06-25', 239, NULL),
(1644, 0, NULL, 8.33, NULL, NULL, NULL, '2017-06-25', 240, NULL),
(1645, 0, NULL, 8.33, NULL, NULL, NULL, '2017-06-25', 241, NULL),
(1646, 0, NULL, 8.33, NULL, NULL, NULL, '2017-06-25', 242, NULL),
(1647, 0, NULL, 8.33, NULL, NULL, NULL, '2017-06-25', 243, NULL),
(1648, 0, NULL, 8.37, NULL, NULL, NULL, '2017-06-25', 244, NULL),
(1649, 0, NULL, 11.12, NULL, NULL, NULL, '2017-06-25', 245, NULL),
(1650, 0, NULL, 14.29, NULL, NULL, NULL, '2017-06-25', 246, NULL),
(1651, 0, NULL, 14.29, NULL, NULL, NULL, '2017-06-25', 247, NULL),
(1652, 0, NULL, 14.29, NULL, NULL, NULL, '2017-06-25', 248, NULL),
(1653, 0, NULL, 14.29, NULL, NULL, NULL, '2017-06-25', 249, NULL),
(1654, 0, NULL, 14.29, NULL, NULL, NULL, '2017-06-25', 250, NULL),
(1655, 0, NULL, 14.29, NULL, NULL, NULL, '2017-06-25', 251, NULL),
(1656, 0, NULL, 14.26, NULL, NULL, NULL, '2017-06-25', 252, NULL),
(1657, 0, NULL, 6.67, NULL, NULL, NULL, '2017-06-25', 152, NULL),
(1658, 0, NULL, 50, NULL, NULL, NULL, '2017-06-25', 166, NULL),
(1659, 0, NULL, 50, NULL, NULL, NULL, '2017-06-25', 167, NULL),
(1660, 0, NULL, 4, NULL, NULL, NULL, '2017-06-25', 168, NULL),
(1661, 0, NULL, 4, NULL, NULL, NULL, '2017-06-25', 169, NULL),
(1662, 0, NULL, 4, NULL, NULL, NULL, '2017-06-25', 172, NULL),
(1663, 0, NULL, 4, NULL, NULL, NULL, '2017-06-25', 173, NULL),
(1664, 0, NULL, 4, NULL, NULL, NULL, '2017-06-25', 174, NULL),
(1665, 0, NULL, 4, NULL, NULL, NULL, '2017-06-25', 175, NULL),
(1666, 0, NULL, 4, NULL, NULL, NULL, '2017-06-25', 176, NULL),
(1667, 0, NULL, 4, NULL, NULL, NULL, '2017-06-25', 177, NULL),
(1668, 0, NULL, 4, NULL, NULL, NULL, '2017-06-25', 178, NULL),
(1669, 0, NULL, 4, NULL, NULL, NULL, '2017-06-25', 179, NULL),
(1670, 0, NULL, 4, NULL, NULL, NULL, '2017-06-25', 180, NULL),
(1671, 0, NULL, 4, NULL, NULL, NULL, '2017-06-25', 181, NULL),
(1672, 0, NULL, 4, NULL, NULL, NULL, '2017-06-25', 182, NULL),
(1673, 0, NULL, 4, NULL, NULL, NULL, '2017-06-25', 183, NULL),
(1674, 0, NULL, 4, NULL, NULL, NULL, '2017-06-25', 184, NULL),
(1675, 0, NULL, 4, NULL, NULL, NULL, '2017-06-25', 185, NULL),
(1676, 0, NULL, 4, NULL, NULL, NULL, '2017-06-25', 186, NULL),
(1677, 0, NULL, 4, NULL, NULL, NULL, '2017-06-25', 187, NULL),
(1678, 0, NULL, 4, NULL, NULL, NULL, '2017-06-25', 188, NULL),
(1679, 0, NULL, 4, NULL, NULL, NULL, '2017-06-25', 189, NULL),
(1680, 0, NULL, 4, NULL, NULL, NULL, '2017-06-25', 190, NULL),
(1681, 0, NULL, 4, NULL, NULL, NULL, '2017-06-25', 191, NULL),
(1682, 0, NULL, 4, NULL, NULL, NULL, '2017-06-25', 192, NULL),
(1683, 0, NULL, 4, NULL, NULL, NULL, '2017-06-25', 193, NULL),
(1684, 0, NULL, 4, NULL, NULL, NULL, '2017-06-25', 194, NULL),
(1685, 0, NULL, 6.67, NULL, NULL, NULL, '2017-06-25', 195, NULL),
(1686, 0, NULL, 33.33, NULL, NULL, NULL, '2017-06-25', 196, NULL),
(1687, 0, NULL, 33.33, NULL, NULL, NULL, '2017-06-25', 197, NULL),
(1688, 0, NULL, 16.67, NULL, NULL, NULL, '2017-06-25', 198, NULL),
(1689, 0, NULL, 16.67, NULL, NULL, NULL, '2017-06-25', 199, NULL),
(1690, 0, NULL, 16.67, NULL, NULL, NULL, '2017-06-25', 200, NULL),
(1691, 0, NULL, 16.67, NULL, NULL, NULL, '2017-06-25', 201, NULL),
(1692, 0, NULL, 16.67, NULL, NULL, NULL, '2017-06-25', 202, NULL),
(1693, 0, NULL, 16.65, NULL, NULL, NULL, '2017-06-25', 203, NULL),
(1694, 0, NULL, 33.34, NULL, NULL, NULL, '2017-06-25', 204, NULL),
(1695, 0, NULL, 14.29, NULL, NULL, NULL, '2017-06-25', 205, NULL),
(1696, 0, NULL, 14.29, NULL, NULL, NULL, '2017-06-25', 206, NULL),
(1697, 0, NULL, 14.29, NULL, NULL, NULL, '2017-06-25', 207, NULL),
(1698, 0, NULL, 14.29, NULL, NULL, NULL, '2017-06-25', 208, NULL),
(1699, 0, NULL, 14.29, NULL, NULL, NULL, '2017-06-25', 209, NULL),
(1700, 0, NULL, 14.29, NULL, NULL, NULL, '2017-06-25', 210, NULL),
(1701, 0, NULL, 14.26, NULL, NULL, NULL, '2017-06-25', 211, NULL),
(1702, 0, NULL, 6.67, NULL, NULL, NULL, '2017-06-25', 261, NULL),
(1703, 0, NULL, 50, NULL, NULL, NULL, '2017-06-25', 262, NULL),
(1704, 0, NULL, 50, NULL, NULL, NULL, '2017-06-25', 263, NULL),
(1705, 0, NULL, 6.67, NULL, NULL, NULL, '2017-06-25', 257, NULL),
(1706, 0, NULL, 100, NULL, NULL, NULL, '2017-06-25', 259, NULL),
(1707, 0, NULL, 6.67, NULL, NULL, NULL, '2017-06-25', 140, NULL),
(1708, 0, NULL, 33.33, NULL, NULL, NULL, '2017-06-25', 163, NULL),
(1709, 0, NULL, 33.33, NULL, NULL, NULL, '2017-06-25', 164, NULL),
(1710, 0, NULL, 33.34, NULL, NULL, NULL, '2017-06-25', 165, NULL),
(1711, 0, NULL, 6.67, NULL, NULL, NULL, '2017-06-25', 256, NULL),
(1712, 0, NULL, 6.67, NULL, NULL, NULL, '2017-06-25', 264, NULL),
(1713, 0, NULL, 5.88, NULL, NULL, NULL, '2017-06-25', 265, NULL),
(1714, 0, NULL, 5.88, NULL, NULL, NULL, '2017-06-25', 266, NULL),
(1715, 0, NULL, 5.88, NULL, NULL, NULL, '2017-06-25', 267, NULL),
(1716, 0, NULL, 5.88, NULL, NULL, NULL, '2017-06-25', 268, NULL),
(1717, 0, NULL, 5.88, NULL, NULL, NULL, '2017-06-25', 269, NULL),
(1718, 0, NULL, 5.88, NULL, NULL, NULL, '2017-06-25', 270, NULL),
(1719, 0, NULL, 5.88, NULL, NULL, NULL, '2017-06-25', 271, NULL),
(1720, 0, NULL, 5.88, NULL, NULL, NULL, '2017-06-25', 272, NULL),
(1721, 0, NULL, 5.88, NULL, NULL, NULL, '2017-06-25', 273, NULL),
(1722, 0, NULL, 5.88, NULL, NULL, NULL, '2017-06-25', 274, NULL),
(1723, 0, NULL, 5.88, NULL, NULL, NULL, '2017-06-25', 275, NULL),
(1724, 0, NULL, 5.88, NULL, NULL, NULL, '2017-06-25', 276, NULL),
(1725, 0, NULL, 5.88, NULL, NULL, NULL, '2017-06-25', 277, NULL),
(1726, 0, NULL, 5.88, NULL, NULL, NULL, '2017-06-25', 278, NULL),
(1727, 0, NULL, 5.88, NULL, NULL, NULL, '2017-06-25', 279, NULL),
(1728, 0, NULL, 5.88, NULL, NULL, NULL, '2017-06-25', 280, NULL),
(1729, 0, NULL, 5.92, NULL, NULL, NULL, '2017-06-25', 281, NULL),
(1730, 0, NULL, 6.67, NULL, NULL, NULL, '2017-06-25', 314, NULL),
(1731, 0, NULL, 6.67, NULL, NULL, NULL, '2017-06-25', 308, NULL),
(1732, 0, NULL, 100, NULL, NULL, NULL, '2017-06-25', 309, NULL),
(1733, 0, NULL, 6.67, NULL, NULL, NULL, '2017-06-25', 217, NULL),
(1734, 0, NULL, 4, NULL, NULL, NULL, '2017-06-25', 282, NULL),
(1735, 0, NULL, 4, NULL, NULL, NULL, '2017-06-25', 283, NULL),
(1736, 0, NULL, 4, NULL, NULL, NULL, '2017-06-25', 284, NULL),
(1737, 0, NULL, 4, NULL, NULL, NULL, '2017-06-25', 285, NULL),
(1738, 0, NULL, 4, NULL, NULL, NULL, '2017-06-25', 286, NULL),
(1739, 0, NULL, 4, NULL, NULL, NULL, '2017-06-25', 287, NULL),
(1740, 0, NULL, 4, NULL, NULL, NULL, '2017-06-25', 288, NULL),
(1741, 0, NULL, 4, NULL, NULL, NULL, '2017-06-25', 289, NULL),
(1742, 0, NULL, 4, NULL, NULL, NULL, '2017-06-25', 290, NULL),
(1743, 0, NULL, 4, NULL, NULL, NULL, '2017-06-25', 291, NULL),
(1744, 0, NULL, 4, NULL, NULL, NULL, '2017-06-25', 292, NULL),
(1745, 0, NULL, 4, NULL, NULL, NULL, '2017-06-25', 293, NULL),
(1746, 0, NULL, 4, NULL, NULL, NULL, '2017-06-25', 294, NULL),
(1747, 0, NULL, 4, NULL, NULL, NULL, '2017-06-25', 295, NULL),
(1748, 0, NULL, 4, NULL, NULL, NULL, '2017-06-25', 296, NULL),
(1749, 0, NULL, 4, NULL, NULL, NULL, '2017-06-25', 297, NULL),
(1750, 0, NULL, 4, NULL, NULL, NULL, '2017-06-25', 298, NULL),
(1751, 0, NULL, 4, NULL, NULL, NULL, '2017-06-25', 299, NULL),
(1752, 0, NULL, 4, NULL, NULL, NULL, '2017-06-25', 300, NULL),
(1753, 0, NULL, 4, NULL, NULL, NULL, '2017-06-25', 301, NULL),
(1754, 0, NULL, 4, NULL, NULL, NULL, '2017-06-25', 302, NULL),
(1755, 0, NULL, 4, NULL, NULL, NULL, '2017-06-25', 303, NULL),
(1756, 0, NULL, 4, NULL, NULL, NULL, '2017-06-25', 304, NULL),
(1757, 0, NULL, 4, NULL, NULL, NULL, '2017-06-25', 305, NULL),
(1758, 0, NULL, 4, NULL, NULL, NULL, '2017-06-25', 306, NULL),
(1759, 0, NULL, 6.67, NULL, NULL, NULL, '2017-06-25', 307, NULL),
(1760, 0, NULL, 6.67, NULL, NULL, NULL, '2017-06-25', 253, NULL),
(1761, 0, NULL, 33.33, NULL, NULL, NULL, '2017-06-25', 254, NULL),
(1762, 0, NULL, 33.33, NULL, NULL, NULL, '2017-06-25', 255, NULL),
(1763, 0, NULL, 33.34, NULL, NULL, NULL, '2017-06-25', 260, NULL),
(1764, 0, NULL, 6.67, NULL, NULL, NULL, '2017-06-25', 104, NULL),
(1765, 0, NULL, 5.26, NULL, NULL, NULL, '2017-06-25', 105, NULL),
(1766, 0, NULL, 5.26, NULL, NULL, NULL, '2017-06-25', 106, NULL),
(1767, 0, NULL, 5.26, NULL, NULL, NULL, '2017-06-25', 107, NULL),
(1768, 0, NULL, 5.26, NULL, NULL, NULL, '2017-06-25', 108, NULL),
(1769, 0, NULL, 5.26, NULL, NULL, NULL, '2017-06-25', 109, NULL),
(1770, 0, NULL, 50, NULL, NULL, NULL, '2017-06-25', 110, NULL),
(1771, 0, NULL, 50, NULL, NULL, NULL, '2017-06-25', 111, NULL),
(1772, 0, NULL, 5.26, NULL, NULL, NULL, '2017-06-25', 112, NULL),
(1773, 0, NULL, 50, NULL, NULL, NULL, '2017-06-25', 113, NULL),
(1774, 0, NULL, 50, NULL, NULL, NULL, '2017-06-25', 114, NULL),
(1775, 0, NULL, 5.26, NULL, NULL, NULL, '2017-06-25', 115, NULL),
(1776, 0, NULL, 50, NULL, NULL, NULL, '2017-06-25', 116, NULL),
(1777, 0, NULL, 50, NULL, NULL, NULL, '2017-06-25', 117, NULL),
(1778, 0, NULL, 5.26, NULL, NULL, NULL, '2017-06-25', 118, NULL),
(1779, 0, NULL, 50, NULL, NULL, NULL, '2017-06-25', 119, NULL),
(1780, 0, NULL, 50, NULL, NULL, NULL, '2017-06-25', 120, NULL),
(1781, 0, NULL, 5.26, NULL, NULL, NULL, '2017-06-25', 121, NULL),
(1782, 0, NULL, 25, NULL, NULL, NULL, '2017-06-25', 122, NULL),
(1783, 0, NULL, 25, NULL, NULL, NULL, '2017-06-25', 123, NULL),
(1784, 0, NULL, 25, NULL, NULL, NULL, '2017-06-25', 124, NULL),
(1785, 0, NULL, 25, NULL, NULL, NULL, '2017-06-25', 125, NULL),
(1786, 0, NULL, 5.26, NULL, NULL, NULL, '2017-06-25', 126, NULL),
(1787, 0, NULL, 25, NULL, NULL, NULL, '2017-06-25', 127, NULL),
(1788, 0, NULL, 25, NULL, NULL, NULL, '2017-06-25', 128, NULL),
(1789, 0, NULL, 25, NULL, NULL, NULL, '2017-06-25', 129, NULL),
(1790, 0, NULL, 25, NULL, NULL, NULL, '2017-06-25', 130, NULL),
(1791, 0, NULL, 5.26, NULL, NULL, NULL, '2017-06-25', 131, NULL),
(1792, 0, NULL, 50, NULL, NULL, NULL, '2017-06-25', 132, NULL),
(1793, 0, NULL, 50, NULL, NULL, NULL, '2017-06-25', 133, NULL),
(1794, 0, NULL, 5.26, NULL, NULL, NULL, '2017-06-25', 134, NULL),
(1795, 0, NULL, 50, NULL, NULL, NULL, '2017-06-25', 135, NULL),
(1796, 0, NULL, 50, NULL, NULL, NULL, '2017-06-25', 136, NULL),
(1797, 0, NULL, 5.26, NULL, NULL, NULL, '2017-06-25', 137, NULL),
(1798, 0, NULL, 50, NULL, NULL, NULL, '2017-06-25', 138, NULL),
(1799, 0, NULL, 50, NULL, NULL, NULL, '2017-06-25', 139, NULL),
(1800, 0, NULL, 5.26, NULL, NULL, NULL, '2017-06-25', 141, NULL),
(1801, 0, NULL, 33.33, NULL, NULL, NULL, '2017-06-25', 142, NULL),
(1802, 0, NULL, 33.33, NULL, NULL, NULL, '2017-06-25', 143, NULL),
(1803, 0, NULL, 33.34, NULL, NULL, NULL, '2017-06-25', 144, NULL),
(1804, 0, NULL, 5.26, NULL, NULL, NULL, '2017-06-25', 145, NULL),
(1805, 0, NULL, 33.33, NULL, NULL, NULL, '2017-06-25', 146, NULL),
(1806, 0, NULL, 33.33, NULL, NULL, NULL, '2017-06-25', 147, NULL),
(1807, 0, NULL, 33.34, NULL, NULL, NULL, '2017-06-25', 148, NULL),
(1808, 0, NULL, 5.26, NULL, NULL, NULL, '2017-06-25', 149, NULL),
(1809, 0, NULL, 50, NULL, NULL, NULL, '2017-06-25', 150, NULL),
(1810, 0, NULL, 50, NULL, NULL, NULL, '2017-06-25', 151, NULL),
(1811, 0, NULL, 5.26, NULL, NULL, NULL, '2017-06-25', 153, NULL),
(1812, 0, NULL, 50, NULL, NULL, NULL, '2017-06-25', 154, NULL),
(1813, 0, NULL, 50, NULL, NULL, NULL, '2017-06-25', 155, NULL),
(1814, 0, NULL, 5.26, NULL, NULL, NULL, '2017-06-25', 156, NULL),
(1815, 0, NULL, 33.33, NULL, NULL, NULL, '2017-06-25', 157, NULL),
(1816, 0, NULL, 33.33, NULL, NULL, NULL, '2017-06-25', 158, NULL),
(1817, 0, NULL, 33.34, NULL, NULL, NULL, '2017-06-25', 159, NULL),
(1818, 0, NULL, 5.32, NULL, NULL, NULL, '2017-06-25', 160, NULL),
(1819, 0, NULL, 50, NULL, NULL, NULL, '2017-06-25', 161, NULL),
(1820, 0, NULL, 50, NULL, NULL, NULL, '2017-06-25', 162, NULL),
(1821, 0, NULL, 6.62, NULL, NULL, NULL, '2017-06-25', 310, NULL),
(1822, 0, NULL, 50, NULL, NULL, NULL, '2017-06-25', 311, NULL),
(1823, 0, NULL, 50, NULL, NULL, NULL, '2017-06-25', 312, NULL),
(1824, 0, 32, 22.86, NULL, NULL, 6863.363, '1974-07-05', 212, NULL),
(1825, 0, 3.56, 11.11, NULL, NULL, 762.52, '2002-02-08', 213, NULL),
(1826, 0, 3.56, 11.11, NULL, NULL, 762.52, '1992-03-01', 214, NULL),
(1827, 0, 3.56, 11.11, NULL, NULL, 762.52, '1993-09-26', 215, NULL),
(1828, 0, 3.56, 11.11, NULL, NULL, 762.52, '1979-02-23', 216, NULL),
(1829, 0, 3.56, 11.11, NULL, NULL, 762.52, '2004-01-18', 218, NULL),
(1830, 0, 3.56, 11.11, NULL, NULL, 762.52, '1995-06-01', 219, NULL),
(1831, 0, 0.45, 12.5, NULL, NULL, 95.315, '2006-10-09', 220, NULL),
(1832, 0, 0.45, 12.5, NULL, NULL, 95.315, '1977-11-11', 221, NULL),
(1833, 0, 0.45, 12.5, NULL, NULL, 95.315, '1981-02-21', 222, NULL),
(1834, 0, 0.45, 12.5, NULL, NULL, 95.315, '2016-09-17', 223, NULL),
(1835, 0, 0.45, 12.5, NULL, NULL, 95.315, '1994-06-26', 224, NULL),
(1836, 0, 0.45, 12.5, NULL, NULL, 95.315, '1993-08-02', 225, NULL),
(1837, 0, 0.45, 12.5, NULL, NULL, 95.315, '1994-01-25', 226, NULL),
(1838, 0, 0.45, 12.5, NULL, NULL, 95.315, '2007-09-13', 227, NULL),
(1839, 0, 3.56, 11.11, NULL, NULL, 762.52, '1979-11-17', 228, NULL),
(1840, 0, 1.19, 33.33, NULL, NULL, 254.148, '1994-03-26', 229, NULL),
(1841, 0, 1.19, 33.33, NULL, NULL, 254.148, '2001-01-04', 230, NULL),
(1842, 0, 1.19, 33.34, NULL, NULL, 254.224, '1973-12-06', 231, NULL),
(1843, 0, 3.56, 11.11, NULL, NULL, 762.52, '2007-12-20', 232, NULL),
(1844, 0, 0.3, 8.33, NULL, NULL, 63.518, '1978-03-04', 233, NULL),
(1845, 0, 0.3, 8.33, NULL, NULL, 63.518, '2005-08-21', 234, NULL),
(1846, 0, 0.3, 8.33, NULL, NULL, 63.518, '1979-01-05', 235, NULL),
(1847, 0, 0.3, 8.33, NULL, NULL, 63.518, '1994-03-27', 236, NULL),
(1848, 0, 0.3, 8.33, NULL, NULL, 63.518, '1985-03-21', 237, NULL),
(1849, 0, 0.3, 8.33, NULL, NULL, 63.518, '2005-08-06', 238, NULL),
(1850, 0, 0.3, 8.33, NULL, NULL, 63.518, '2007-10-04', 239, NULL),
(1851, 0, 0.3, 8.33, NULL, NULL, 63.518, '1984-06-24', 240, NULL),
(1852, 0, 0.3, 8.33, NULL, NULL, 63.518, '2008-11-29', 241, NULL),
(1853, 0, 0.3, 8.33, NULL, NULL, 63.518, '2003-06-03', 242, NULL),
(1854, 0, 0.3, 8.33, NULL, NULL, 63.518, '1999-06-17', 243, NULL),
(1855, 0, 0.3, 8.37, NULL, NULL, 63.823, '1998-03-16', 244, NULL),
(1856, 0, 3.56, 11.12, NULL, NULL, 763.206, '1981-03-24', 245, NULL),
(1857, 0, 0.51, 14.29, NULL, NULL, 109.062, '2006-10-17', 246, NULL),
(1858, 0, 0.51, 14.29, NULL, NULL, 109.062, '1979-04-06', 247, NULL),
(1859, 0, 0.51, 14.29, NULL, NULL, 109.062, '1982-06-12', 248, NULL),
(1860, 0, 0.51, 14.29, NULL, NULL, 109.062, '1970-03-30', 249, NULL),
(1861, 0, 0.51, 14.29, NULL, NULL, 109.062, '1999-05-07', 250, NULL),
(1862, 0, 0.51, 14.29, NULL, NULL, 109.062, '1970-05-31', 251, NULL),
(1863, 0, 0.51, 14.26, NULL, NULL, 108.833, '1980-03-20', 252, NULL),
(1864, 0, 19, 13.57, NULL, NULL, 4074.184, '1994-03-31', 152, NULL),
(1865, 0, 9.5, 50, NULL, NULL, 2037.092, '1970-06-24', 166, NULL),
(1866, 0, 9.5, 50, NULL, NULL, 2037.092, '1994-03-30', 167, NULL),
(1867, 0, 0.38, 4, NULL, NULL, 81.484, '2016-06-12', 168, NULL),
(1868, 0, 0.38, 4, NULL, NULL, 81.484, '2009-05-04', 169, NULL),
(1869, 0, 0.38, 4, NULL, NULL, 81.484, '1977-01-17', 172, NULL),
(1870, 0, 0.38, 4, NULL, NULL, 81.484, '2002-03-07', 173, NULL),
(1871, 0, 0.38, 4, NULL, NULL, 81.484, '1984-11-27', 174, NULL),
(1872, 0, 0.38, 4, NULL, NULL, 81.484, '2004-05-13', 175, NULL),
(1873, 0, 0.38, 4, NULL, NULL, 81.484, '1992-02-06', 176, NULL),
(1874, 0, 0.38, 4, NULL, NULL, 81.484, '1992-12-14', 177, NULL),
(1875, 0, 0.38, 4, NULL, NULL, 81.484, '1996-04-26', 178, NULL),
(1876, 0, 0.38, 4, NULL, NULL, 81.484, '2013-10-15', 179, NULL),
(1877, 0, 0.38, 4, NULL, NULL, 81.484, '2011-03-07', 180, NULL),
(1878, 0, 0.38, 4, NULL, NULL, 81.484, '2002-07-10', 181, NULL),
(1879, 0, 0.38, 4, NULL, NULL, 81.484, '1978-01-08', 182, NULL),
(1880, 0, 0.38, 4, NULL, NULL, 81.484, '2004-12-01', 183, NULL),
(1881, 0, 0.38, 4, NULL, NULL, 81.484, '2002-12-09', 184, NULL),
(1882, 0, 0.38, 4, NULL, NULL, 81.484, '1981-04-18', 185, NULL),
(1883, 0, 0.38, 4, NULL, NULL, 81.484, '2002-12-11', 186, NULL),
(1884, 0, 0.38, 4, NULL, NULL, 81.484, '1988-01-12', 187, NULL),
(1885, 0, 0.38, 4, NULL, NULL, 81.484, '2012-09-04', 188, NULL),
(1886, 0, 0.38, 4, NULL, NULL, 81.484, '1971-01-02', 189, NULL),
(1887, 0, 0.38, 4, NULL, NULL, 81.484, '2000-10-12', 190, NULL),
(1888, 0, 0.38, 4, NULL, NULL, 81.484, '1970-05-21', 191, NULL),
(1889, 0, 0.38, 4, NULL, NULL, 81.484, '2005-12-08', 192, NULL),
(1890, 0, 0.38, 4, NULL, NULL, 81.484, '1971-02-20', 193, NULL),
(1891, 0, 0.38, 4, NULL, NULL, 81.484, '1987-07-05', 194, NULL),
(1892, 0, 11, 7.86, NULL, NULL, 2359.844, '1983-11-10', 195, NULL),
(1893, 0, 3.67, 33.33, NULL, NULL, 786.536, '2017-01-23', 196, NULL),
(1894, 0, 3.67, 33.33, NULL, NULL, 786.536, '1996-08-25', 197, NULL),
(1895, 0, 0.61, 16.67, NULL, NULL, 131.116, '1978-08-11', 198, NULL),
(1896, 0, 0.61, 16.67, NULL, NULL, 131.116, '1980-12-25', 199, NULL),
(1897, 0, 0.61, 16.67, NULL, NULL, 131.116, '2000-02-22', 200, NULL),
(1898, 0, 0.61, 16.67, NULL, NULL, 131.116, '2012-11-21', 201, NULL),
(1899, 0, 0.61, 16.67, NULL, NULL, 131.116, '1986-12-01', 202, NULL),
(1900, 0, 0.61, 16.65, NULL, NULL, 130.958, '1978-03-31', 203, NULL),
(1901, 0, 3.67, 33.34, NULL, NULL, 786.772, '1986-02-01', 204, NULL),
(1902, 0, 0.52, 14.29, NULL, NULL, 112.43, '1982-12-08', 205, NULL),
(1903, 0, 0.52, 14.29, NULL, NULL, 112.43, '2015-04-12', 206, NULL),
(1904, 0, 0.52, 14.29, NULL, NULL, 112.43, '1971-10-22', 207, NULL),
(1905, 0, 0.52, 14.29, NULL, NULL, 112.43, '2013-08-23', 208, NULL),
(1906, 0, 0.52, 14.29, NULL, NULL, 112.43, '1995-10-05', 209, NULL),
(1907, 0, 0.52, 14.29, NULL, NULL, 112.43, '2015-11-25', 210, NULL),
(1908, 0, 0.52, 14.26, NULL, NULL, 112.194, '1987-01-13', 211, NULL),
(1909, 0, 5, 3.57, NULL, NULL, 1071.838, '1988-03-04', 261, NULL),
(1910, 0, 2.5, 50, NULL, NULL, 535.919, '2005-05-30', 262, NULL),
(1911, 0, 2.5, 50, NULL, NULL, 535.919, '1979-03-28', 263, NULL),
(1912, 0, 6.01, 4.29, NULL, NULL, 1288.006, '1974-09-09', 257, NULL),
(1913, 0, 6.01, 100, NULL, NULL, 1288.006, '2000-08-10', 259, NULL),
(1914, 0, 4, 2.86, NULL, NULL, 858.671, '1980-08-08', 140, NULL),
(1915, 0, 1.33, 33.33, NULL, NULL, 286.195, '1983-07-14', 163, NULL),
(1916, 0, 1.33, 33.33, NULL, NULL, 286.195, '1997-02-09', 164, NULL),
(1917, 0, 1.33, 33.34, NULL, NULL, 286.281, '1986-05-01', 165, NULL),
(1918, 0, 7.99, 5.71, NULL, NULL, 1714.34, '2008-11-16', 256, NULL),
(1919, 0, 5, 3.57, NULL, NULL, 1071.838, '2011-02-02', 264, NULL),
(1920, 0, 0.29, 5.88, NULL, NULL, 63.024, '2001-07-07', 265, NULL),
(1921, 0, 0.29, 5.88, NULL, NULL, 63.024, '2002-09-25', 266, NULL),
(1922, 0, 0.29, 5.88, NULL, NULL, 63.024, '1997-10-17', 267, NULL),
(1923, 0, 0.29, 5.88, NULL, NULL, 63.024, '1987-12-24', 268, NULL),
(1924, 0, 0.29, 5.88, NULL, NULL, 63.024, '1976-04-07', 269, NULL),
(1925, 0, 0.29, 5.88, NULL, NULL, 63.024, '2016-09-25', 270, NULL),
(1926, 0, 0.29, 5.88, NULL, NULL, 63.024, '2005-10-19', 271, NULL),
(1927, 0, 0.29, 5.88, NULL, NULL, 63.024, '1977-12-19', 272, NULL),
(1928, 0, 0.29, 5.88, NULL, NULL, 63.024, '1970-12-08', 273, NULL),
(1929, 0, 0.29, 5.88, NULL, NULL, 63.024, '1996-02-06', 274, NULL),
(1930, 0, 0.29, 5.88, NULL, NULL, 63.024, '1994-04-10', 275, NULL),
(1931, 0, 0.29, 5.88, NULL, NULL, 63.024, '1974-10-01', 276, NULL),
(1932, 0, 0.29, 5.88, NULL, NULL, 63.024, '1979-04-18', 277, NULL),
(1933, 0, 0.29, 5.88, NULL, NULL, 63.024, '2007-03-27', 278, NULL),
(1934, 0, 0.29, 5.88, NULL, NULL, 63.024, '1998-09-14', 279, NULL),
(1935, 0, 0.29, 5.88, NULL, NULL, 63.024, '1977-10-04', 280, NULL),
(1936, 0, 0.3, 5.92, NULL, NULL, 63.453, '1994-02-10', 281, NULL),
(1937, 0, 6.01, 4.29, NULL, NULL, 1288.006, '2007-09-08', 314, NULL),
(1938, 0, 0.99, 0.71, NULL, NULL, 213.167, '1974-11-13', 308, NULL),
(1939, 0, 0.99, 100, NULL, NULL, 213.167, '1984-05-07', 309, NULL),
(1940, 0, 25, 17.86, NULL, NULL, 5362.19, '1996-04-20', 217, NULL),
(1941, 0, 1, 4, NULL, NULL, 214.488, '1997-11-04', 282, NULL),
(1942, 0, 1, 4, NULL, NULL, 214.488, '2002-07-13', 283, NULL),
(1943, 0, 1, 4, NULL, NULL, 214.488, '1985-08-26', 284, NULL),
(1944, 0, 1, 4, NULL, NULL, 214.488, '1979-02-28', 285, NULL),
(1945, 0, 1, 4, NULL, NULL, 214.488, '1989-10-09', 286, NULL),
(1946, 0, 1, 4, NULL, NULL, 214.488, '1973-08-22', 287, NULL),
(1947, 0, 1, 4, NULL, NULL, 214.488, '2001-09-04', 288, NULL),
(1948, 0, 1, 4, NULL, NULL, 214.488, '2000-04-24', 289, NULL),
(1949, 0, 1, 4, NULL, NULL, 214.488, '1994-06-02', 290, NULL),
(1950, 0, 1, 4, NULL, NULL, 214.488, '1973-11-06', 291, NULL),
(1951, 0, 1, 4, NULL, NULL, 214.488, '1988-07-05', 292, NULL),
(1952, 0, 1, 4, NULL, NULL, 214.488, '2010-07-16', 293, NULL),
(1953, 0, 1, 4, NULL, NULL, 214.488, '1976-10-17', 294, NULL),
(1954, 0, 1, 4, NULL, NULL, 214.488, '1985-09-20', 295, NULL),
(1955, 0, 1, 4, NULL, NULL, 214.488, '1993-05-07', 296, NULL),
(1956, 0, 1, 4, NULL, NULL, 214.488, '1983-11-25', 297, NULL),
(1957, 0, 1, 4, NULL, NULL, 214.488, '1988-08-14', 298, NULL),
(1958, 0, 1, 4, NULL, NULL, 214.488, '2007-07-31', 299, NULL),
(1959, 0, 1, 4, NULL, NULL, 214.488, '2003-04-02', 300, NULL),
(1960, 0, 1, 4, NULL, NULL, 214.488, '2002-01-27', 301, NULL),
(1961, 0, 1, 4, NULL, NULL, 214.488, '1982-02-20', 302, NULL),
(1962, 0, 1, 4, NULL, NULL, 214.488, '1985-06-08', 303, NULL),
(1963, 0, 1, 4, NULL, NULL, 214.488, '2001-09-10', 304, NULL),
(1964, 0, 1, 4, NULL, NULL, 214.488, '2014-02-15', 305, NULL),
(1965, 0, 1, 4, NULL, NULL, 214.488, '2005-03-18', 306, NULL),
(1966, 0, 0.99, 0.71, NULL, NULL, 213.167, '2001-07-08', 307, NULL),
(1967, 0, 9, 6.43, NULL, NULL, 1930.508, '1994-06-13', 253, NULL),
(1968, 0, 3, 33.33, NULL, NULL, 643.438, '2016-04-24', 254, NULL),
(1969, 0, 3, 33.33, NULL, NULL, 643.438, '2010-06-23', 255, NULL),
(1970, 0, 3, 33.34, NULL, NULL, 643.631, '2011-11-13', 260, NULL),
(1971, 0, 7, 5, NULL, NULL, 1501.173, '1970-08-19', 104, NULL),
(1972, 0, 0.37, 5.26, NULL, NULL, 78.962, '2014-02-13', 105, NULL),
(1973, 0, 0.37, 5.26, NULL, NULL, 78.962, '1994-04-18', 106, NULL),
(1974, 0, 0.37, 5.26, NULL, NULL, 78.962, '1996-01-26', 107, NULL),
(1975, 0, 0.37, 5.26, NULL, NULL, 78.962, '1976-07-09', 108, NULL),
(1976, 0, 0.37, 5.26, NULL, NULL, 78.962, '1995-06-08', 109, NULL),
(1977, 0, 0.18, 50, NULL, NULL, 39.481, '1974-10-10', 110, NULL),
(1978, 0, 0.18, 50, NULL, NULL, 39.481, '1984-11-19', 111, NULL),
(1979, 0, 0.37, 5.26, NULL, NULL, 78.962, '2015-04-13', 112, NULL),
(1980, 0, 0.18, 50, NULL, NULL, 39.481, '1988-11-13', 113, NULL),
(1981, 0, 0.18, 50, NULL, NULL, 39.481, '1975-10-05', 114, NULL),
(1982, 0, 0.37, 5.26, NULL, NULL, 78.962, '2001-03-18', 115, NULL),
(1983, 0, 0.18, 50, NULL, NULL, 39.481, '1972-01-23', 116, NULL),
(1984, 0, 0.18, 50, NULL, NULL, 39.481, '1977-05-05', 117, NULL),
(1985, 0, 0.37, 5.26, NULL, NULL, 78.962, '2012-09-06', 118, NULL),
(1986, 0, 0.18, 50, NULL, NULL, 39.481, '1989-06-20', 119, NULL),
(1987, 0, 0.18, 50, NULL, NULL, 39.481, '1993-09-05', 120, NULL),
(1988, 0, 0.37, 5.26, NULL, NULL, 78.962, '1988-05-28', 121, NULL),
(1989, 0, 0.09, 25, NULL, NULL, 19.741, '1984-08-03', 122, NULL),
(1990, 0, 0.09, 25, NULL, NULL, 19.741, '1998-07-13', 123, NULL),
(1991, 0, 0.09, 25, NULL, NULL, 19.741, '2015-10-08', 124, NULL),
(1992, 0, 0.09, 25, NULL, NULL, 19.741, '2008-11-16', 125, NULL),
(1993, 0, 0.37, 5.26, NULL, NULL, 78.962, '1980-06-23', 126, NULL),
(1994, 0, 0.09, 25, NULL, NULL, 19.741, '1990-01-27', 127, NULL),
(1995, 0, 0.09, 25, NULL, NULL, 19.741, '1994-11-13', 128, NULL),
(1996, 0, 0.09, 25, NULL, NULL, 19.741, '2011-03-10', 129, NULL),
(1997, 0, 0.09, 25, NULL, NULL, 19.741, '1975-08-13', 130, NULL),
(1998, 0, 0.37, 5.26, NULL, NULL, 78.962, '1980-07-13', 131, NULL),
(1999, 0, 0.18, 50, NULL, NULL, 39.481, '1989-07-11', 132, NULL),
(2000, 0, 0.18, 50, NULL, NULL, 39.481, '1994-10-27', 133, NULL),
(2001, 0, 0.37, 5.26, NULL, NULL, 78.962, '1972-10-18', 134, NULL),
(2002, 0, 0.18, 50, NULL, NULL, 39.481, '1971-02-12', 135, NULL),
(2003, 0, 0.18, 50, NULL, NULL, 39.481, '1990-09-12', 136, NULL),
(2004, 0, 0.37, 5.26, NULL, NULL, 78.962, '2010-11-18', 137, NULL),
(2005, 0, 0.18, 50, NULL, NULL, 39.481, '2005-06-18', 138, NULL),
(2006, 0, 0.18, 50, NULL, NULL, 39.481, '2015-12-15', 139, NULL),
(2007, 0, 0.37, 5.26, NULL, NULL, 78.962, '1999-10-30', 141, NULL),
(2008, 0, 0.12, 33.33, NULL, NULL, 26.318, '1992-08-20', 142, NULL),
(2009, 0, 0.12, 33.33, NULL, NULL, 26.318, '1992-02-09', 143, NULL),
(2010, 0, 0.12, 33.34, NULL, NULL, 26.326, '1981-04-09', 144, NULL),
(2011, 0, 0.37, 5.26, NULL, NULL, 78.962, '2007-07-08', 145, NULL),
(2012, 0, 0.12, 33.33, NULL, NULL, 26.318, '2004-04-07', 146, NULL),
(2013, 0, 0.12, 33.33, NULL, NULL, 26.318, '2002-06-10', 147, NULL),
(2014, 0, 0.12, 33.34, NULL, NULL, 26.326, '2000-10-04', 148, NULL),
(2015, 0, 0.37, 5.26, NULL, NULL, 78.962, '2015-07-18', 149, NULL),
(2016, 0, 0.18, 50, NULL, NULL, 39.481, '2007-08-16', 150, NULL),
(2017, 0, 0.18, 50, NULL, NULL, 39.481, '1998-11-24', 151, NULL),
(2018, 0, 0.37, 5.26, NULL, NULL, 78.962, '2002-12-20', 153, NULL),
(2019, 0, 0.18, 50, NULL, NULL, 39.481, '1987-12-11', 154, NULL),
(2020, 0, 0.18, 50, NULL, NULL, 39.481, '1986-02-05', 155, NULL),
(2021, 0, 0.37, 5.26, NULL, NULL, 78.962, '1992-07-01', 156, NULL),
(2022, 0, 0.12, 33.33, NULL, NULL, 26.318, '1984-12-03', 157, NULL),
(2023, 0, 0.12, 33.33, NULL, NULL, 26.318, '2006-06-01', 158, NULL),
(2024, 0, 0.12, 33.34, NULL, NULL, 26.326, '2007-08-10', 159, NULL),
(2025, 0, 0.37, 5.32, NULL, NULL, 79.862, '2001-06-07', 160, NULL),
(2026, 0, 0.18, 50, NULL, NULL, 39.931, '1974-10-03', 161, NULL),
(2027, 0, 0.18, 50, NULL, NULL, 39.931, '2015-05-25', 162, NULL),
(2028, 0, 0.99, 0.71, NULL, NULL, 213.167, '1996-10-12', 310, NULL),
(2029, 0, 0.49, 50, NULL, NULL, 106.584, '2003-08-30', 311, NULL),
(2030, 0, 0.49, 50, NULL, NULL, 106.584, '2000-05-16', 312, NULL),
(2031, 0, NULL, 100, NULL, NULL, NULL, '2017-06-26', 315, NULL),
(2032, 0, NULL, 100, NULL, NULL, NULL, '2017-06-26', 316, NULL),
(2033, 0, NULL, 100, NULL, NULL, NULL, '2017-06-26', 315, NULL),
(2034, 0, NULL, 100, NULL, NULL, NULL, '2017-06-26', 316, NULL),
(2035, 0, 10, 100, NULL, NULL, 1770, '1997-11-01', 315, NULL),
(2036, 0, 10, 100, NULL, NULL, 1770, '1989-09-30', 316, NULL),
(2037, 0, 10, 100, NULL, NULL, 1770, '1988-12-02', 315, NULL),
(2038, 0, 10, 100, NULL, NULL, 1770, '2007-12-18', 316, NULL),
(2039, 0, 10, 100, NULL, NULL, 1770, '2016-03-15', 315, NULL),
(2040, 0, 10, 100, NULL, NULL, 1770, '1980-12-21', 316, NULL),
(2041, 0, NULL, 100, NULL, NULL, NULL, '2017-06-26', 315, b'1'),
(2042, 0, NULL, 100, NULL, NULL, NULL, '2017-06-26', 316, b'1'),
(2043, 0, 32, 22.86, NULL, NULL, 6863.363, '1983-08-22', 212, NULL),
(2044, 0, 3.56, 11.11, NULL, NULL, 762.52, '1992-10-19', 213, NULL),
(2045, 0, 3.56, 11.11, NULL, NULL, 762.52, '1981-11-27', 214, NULL),
(2046, 0, 3.56, 11.11, NULL, NULL, 762.52, '2002-08-25', 215, NULL),
(2047, 0, 3.56, 11.11, NULL, NULL, 762.52, '1998-07-27', 216, NULL),
(2048, 0, 3.56, 11.11, NULL, NULL, 762.52, '2016-09-27', 218, NULL),
(2049, 0, 3.56, 11.11, NULL, NULL, 762.52, '1991-09-27', 219, NULL),
(2050, 0, 0.45, 12.5, NULL, NULL, 95.315, '1991-05-18', 220, NULL),
(2051, 0, 0.45, 12.5, NULL, NULL, 95.315, '1978-08-19', 221, NULL),
(2052, 0, 0.45, 12.5, NULL, NULL, 95.315, '2005-03-22', 222, NULL),
(2053, 0, 0.45, 12.5, NULL, NULL, 95.315, '1996-06-15', 223, NULL),
(2054, 0, 0.45, 12.5, NULL, NULL, 95.315, '1989-12-03', 224, NULL),
(2055, 0, 0.45, 12.5, NULL, NULL, 95.315, '1973-05-13', 225, NULL),
(2056, 0, 0.45, 12.5, NULL, NULL, 95.315, '1971-01-02', 226, NULL),
(2057, 0, 0.45, 12.5, NULL, NULL, 95.315, '2009-04-11', 227, NULL),
(2058, 0, 3.56, 11.11, NULL, NULL, 762.52, '1989-03-13', 228, NULL),
(2059, 0, 1.19, 33.33, NULL, NULL, 254.148, '1971-11-28', 229, NULL),
(2060, 0, 1.19, 33.33, NULL, NULL, 254.148, '1997-02-12', 230, NULL),
(2061, 0, 1.19, 33.34, NULL, NULL, 254.224, '2012-02-07', 231, NULL),
(2062, 0, 3.56, 11.11, NULL, NULL, 762.52, '2010-08-11', 232, NULL),
(2063, 0, 0.3, 8.33, NULL, NULL, 63.518, '2015-11-14', 233, NULL),
(2064, 0, 0.3, 8.33, NULL, NULL, 63.518, '1982-06-22', 234, NULL),
(2065, 0, 0.3, 8.33, NULL, NULL, 63.518, '2016-05-01', 235, NULL),
(2066, 0, 0.3, 8.33, NULL, NULL, 63.518, '1996-09-20', 236, NULL),
(2067, 0, 0.3, 8.33, NULL, NULL, 63.518, '1985-09-19', 237, NULL),
(2068, 0, 0.3, 8.33, NULL, NULL, 63.518, '1999-02-03', 238, NULL),
(2069, 0, 0.3, 8.33, NULL, NULL, 63.518, '1970-07-13', 239, NULL),
(2070, 0, 0.3, 8.33, NULL, NULL, 63.518, '1991-05-21', 240, NULL),
(2071, 0, 0.3, 8.33, NULL, NULL, 63.518, '1975-10-21', 241, NULL),
(2072, 0, 0.3, 8.33, NULL, NULL, 63.518, '1979-04-27', 242, NULL),
(2073, 0, 0.3, 8.33, NULL, NULL, 63.518, '1978-09-22', 243, NULL),
(2074, 0, 0.3, 8.37, NULL, NULL, 63.823, '1998-07-15', 244, NULL),
(2075, 0, 3.56, 11.12, NULL, NULL, 763.206, '2000-04-19', 245, NULL),
(2076, 0, 0.51, 14.29, NULL, NULL, 109.062, '1972-05-06', 246, NULL),
(2077, 0, 0.51, 14.29, NULL, NULL, 109.062, '1996-01-25', 247, NULL),
(2078, 0, 0.51, 14.29, NULL, NULL, 109.062, '2017-01-08', 248, NULL),
(2079, 0, 0.51, 14.29, NULL, NULL, 109.062, '2007-05-01', 249, NULL),
(2080, 0, 0.51, 14.29, NULL, NULL, 109.062, '1993-02-27', 250, NULL),
(2081, 0, 0.51, 14.29, NULL, NULL, 109.062, '1974-09-11', 251, NULL),
(2082, 0, 0.51, 14.26, NULL, NULL, 108.833, '1999-04-01', 252, NULL),
(2083, 0, 19, 13.57, NULL, NULL, 4074.184, '2011-08-12', 152, NULL),
(2084, 0, 9.5, 50, NULL, NULL, 2037.092, '2016-03-28', 166, NULL),
(2085, 0, 9.5, 50, NULL, NULL, 2037.092, '1977-03-07', 167, NULL),
(2086, 0, 0.38, 4, NULL, NULL, 81.484, '2015-04-03', 168, NULL),
(2087, 0, 0.38, 4, NULL, NULL, 81.484, '1994-08-08', 169, NULL),
(2088, 0, 0.38, 4, NULL, NULL, 81.484, '1989-07-28', 172, NULL),
(2089, 0, 0.38, 4, NULL, NULL, 81.484, '1989-11-26', 173, NULL),
(2090, 0, 0.38, 4, NULL, NULL, 81.484, '2000-01-27', 174, NULL),
(2091, 0, 0.38, 4, NULL, NULL, 81.484, '1983-03-02', 175, NULL),
(2092, 0, 0.38, 4, NULL, NULL, 81.484, '2013-03-02', 176, NULL),
(2093, 0, 0.38, 4, NULL, NULL, 81.484, '1983-09-24', 177, NULL),
(2094, 0, 0.38, 4, NULL, NULL, 81.484, '2016-05-20', 178, NULL),
(2095, 0, 0.38, 4, NULL, NULL, 81.484, '2016-11-19', 179, NULL),
(2096, 0, 0.38, 4, NULL, NULL, 81.484, '1995-03-04', 180, NULL),
(2097, 0, 0.38, 4, NULL, NULL, 81.484, '2017-03-31', 181, NULL),
(2098, 0, 0.38, 4, NULL, NULL, 81.484, '2014-07-21', 182, NULL),
(2099, 0, 0.38, 4, NULL, NULL, 81.484, '1988-08-05', 183, NULL),
(2100, 0, 0.38, 4, NULL, NULL, 81.484, '1997-04-07', 184, NULL),
(2101, 0, 0.38, 4, NULL, NULL, 81.484, '1981-08-21', 185, NULL),
(2102, 0, 0.38, 4, NULL, NULL, 81.484, '1998-09-03', 186, NULL),
(2103, 0, 0.38, 4, NULL, NULL, 81.484, '1989-07-17', 187, NULL),
(2104, 0, 0.38, 4, NULL, NULL, 81.484, '2001-12-21', 188, NULL),
(2105, 0, 0.38, 4, NULL, NULL, 81.484, '1976-12-09', 189, NULL),
(2106, 0, 0.38, 4, NULL, NULL, 81.484, '2012-05-24', 190, NULL),
(2107, 0, 0.38, 4, NULL, NULL, 81.484, '1990-06-07', 191, NULL),
(2108, 0, 0.38, 4, NULL, NULL, 81.484, '1982-01-18', 192, NULL),
(2109, 0, 0.38, 4, NULL, NULL, 81.484, '2004-01-25', 193, NULL),
(2110, 0, 0.38, 4, NULL, NULL, 81.484, '1991-05-15', 194, NULL),
(2111, 0, 11, 7.86, NULL, NULL, 2359.844, '1993-10-07', 195, NULL),
(2112, 0, 3.67, 33.33, NULL, NULL, 786.536, '1985-10-18', 196, NULL),
(2113, 0, 3.67, 33.33, NULL, NULL, 786.536, '1996-02-10', 197, NULL),
(2114, 0, 0.61, 16.67, NULL, NULL, 131.116, '1986-05-17', 198, NULL),
(2115, 0, 0.61, 16.67, NULL, NULL, 131.116, '1981-10-18', 199, NULL),
(2116, 0, 0.61, 16.67, NULL, NULL, 131.116, '2000-05-27', 200, NULL),
(2117, 0, 0.61, 16.67, NULL, NULL, 131.116, '2005-08-02', 201, NULL),
(2118, 0, 0.61, 16.67, NULL, NULL, 131.116, '1985-07-09', 202, NULL),
(2119, 0, 0.61, 16.65, NULL, NULL, 130.958, '1972-11-02', 203, NULL),
(2120, 0, 3.67, 33.34, NULL, NULL, 786.772, '2003-03-09', 204, NULL),
(2121, 0, 0.52, 14.29, NULL, NULL, 112.43, '1997-07-26', 205, NULL),
(2122, 0, 0.52, 14.29, NULL, NULL, 112.43, '1974-05-29', 206, NULL),
(2123, 0, 0.52, 14.29, NULL, NULL, 112.43, '1996-07-21', 207, NULL),
(2124, 0, 0.52, 14.29, NULL, NULL, 112.43, '1996-02-02', 208, NULL),
(2125, 0, 0.52, 14.29, NULL, NULL, 112.43, '2006-05-03', 209, NULL),
(2126, 0, 0.52, 14.29, NULL, NULL, 112.43, '2002-03-28', 210, NULL),
(2127, 0, 0.52, 14.26, NULL, NULL, 112.194, '1996-12-07', 211, NULL),
(2128, 0, 5, 3.57, NULL, NULL, 1071.838, '2007-03-23', 261, NULL),
(2129, 0, 2.5, 50, NULL, NULL, 535.919, '2013-03-19', 262, NULL),
(2130, 0, 2.5, 50, NULL, NULL, 535.919, '2010-01-05', 263, NULL),
(2131, 0, 6.01, 4.29, NULL, NULL, 1288.006, '1989-08-28', 257, NULL),
(2132, 0, 6.01, 100, NULL, NULL, 1288.006, '1970-08-06', 259, NULL),
(2133, 0, 4, 2.86, NULL, NULL, 858.671, '1973-06-18', 140, NULL),
(2134, 0, 1.33, 33.33, NULL, NULL, 286.195, '1986-06-13', 163, NULL),
(2135, 0, 1.33, 33.33, NULL, NULL, 286.195, '2005-09-30', 164, NULL),
(2136, 0, 1.33, 33.34, NULL, NULL, 286.281, '2016-05-15', 165, NULL),
(2137, 0, 7.99, 5.71, NULL, NULL, 1714.34, '2008-02-09', 256, NULL),
(2138, 0, 5, 3.57, NULL, NULL, 1071.838, '2011-09-21', 264, NULL),
(2139, 0, 0.29, 5.88, NULL, NULL, 63.024, '1972-04-22', 265, NULL),
(2140, 0, 0.29, 5.88, NULL, NULL, 63.024, '1993-03-01', 266, NULL),
(2141, 0, 0.29, 5.88, NULL, NULL, 63.024, '2012-10-12', 267, NULL),
(2142, 0, 0.29, 5.88, NULL, NULL, 63.024, '1994-04-15', 268, NULL),
(2143, 0, 0.29, 5.88, NULL, NULL, 63.024, '1982-11-08', 269, NULL),
(2144, 0, 0.29, 5.88, NULL, NULL, 63.024, '1996-12-29', 270, NULL),
(2145, 0, 0.29, 5.88, NULL, NULL, 63.024, '2013-04-14', 271, NULL),
(2146, 0, 0.29, 5.88, NULL, NULL, 63.024, '1984-02-16', 272, NULL),
(2147, 0, 0.29, 5.88, NULL, NULL, 63.024, '1997-10-11', 273, NULL),
(2148, 0, 0.29, 5.88, NULL, NULL, 63.024, '2015-12-01', 274, NULL),
(2149, 0, 0.29, 5.88, NULL, NULL, 63.024, '1993-04-24', 275, NULL),
(2150, 0, 0.29, 5.88, NULL, NULL, 63.024, '1988-12-07', 276, NULL),
(2151, 0, 0.29, 5.88, NULL, NULL, 63.024, '2000-11-30', 277, NULL),
(2152, 0, 0.29, 5.88, NULL, NULL, 63.024, '1984-08-20', 278, NULL),
(2153, 0, 0.29, 5.88, NULL, NULL, 63.024, '1996-01-13', 279, NULL),
(2154, 0, 0.29, 5.88, NULL, NULL, 63.024, '1989-11-15', 280, NULL),
(2155, 0, 0.3, 5.92, NULL, NULL, 63.453, '1986-06-15', 281, NULL),
(2156, 0, 6.01, 4.29, NULL, NULL, 1288.006, '1971-06-16', 314, NULL),
(2157, 0, 0.99, 0.71, NULL, NULL, 213.167, '2002-09-03', 308, NULL),
(2158, 0, 0.99, 100, NULL, NULL, 213.167, '1992-10-20', 309, NULL),
(2159, 0, 25, 17.86, NULL, NULL, 5362.19, '1978-10-05', 217, NULL),
(2160, 0, 1, 4, NULL, NULL, 214.488, '1970-02-08', 282, NULL),
(2161, 0, 1, 4, NULL, NULL, 214.488, '1974-01-15', 283, NULL),
(2162, 0, 1, 4, NULL, NULL, 214.488, '2006-05-18', 284, NULL),
(2163, 0, 1, 4, NULL, NULL, 214.488, '1980-08-27', 285, NULL),
(2164, 0, 1, 4, NULL, NULL, 214.488, '2003-05-10', 286, NULL),
(2165, 0, 1, 4, NULL, NULL, 214.488, '2004-06-14', 287, NULL),
(2166, 0, 1, 4, NULL, NULL, 214.488, '2014-07-03', 288, NULL),
(2167, 0, 1, 4, NULL, NULL, 214.488, '1979-12-24', 289, NULL),
(2168, 0, 1, 4, NULL, NULL, 214.488, '1998-07-03', 290, NULL),
(2169, 0, 1, 4, NULL, NULL, 214.488, '1983-05-27', 291, NULL),
(2170, 0, 1, 4, NULL, NULL, 214.488, '1976-01-31', 292, NULL),
(2171, 0, 1, 4, NULL, NULL, 214.488, '1993-03-10', 293, NULL),
(2172, 0, 1, 4, NULL, NULL, 214.488, '1989-10-17', 294, NULL),
(2173, 0, 1, 4, NULL, NULL, 214.488, '2008-10-10', 295, NULL),
(2174, 0, 1, 4, NULL, NULL, 214.488, '1989-05-05', 296, NULL),
(2175, 0, 1, 4, NULL, NULL, 214.488, '1985-01-27', 297, NULL),
(2176, 0, 1, 4, NULL, NULL, 214.488, '2012-07-10', 298, NULL),
(2177, 0, 1, 4, NULL, NULL, 214.488, '2010-09-07', 299, NULL),
(2178, 0, 1, 4, NULL, NULL, 214.488, '1981-10-19', 300, NULL),
(2179, 0, 1, 4, NULL, NULL, 214.488, '1982-06-22', 301, NULL),
(2180, 0, 1, 4, NULL, NULL, 214.488, '1986-02-16', 302, NULL),
(2181, 0, 1, 4, NULL, NULL, 214.488, '1992-02-27', 303, NULL),
(2182, 0, 1, 4, NULL, NULL, 214.488, '1984-10-22', 304, NULL),
(2183, 0, 1, 4, NULL, NULL, 214.488, '1978-10-17', 305, NULL),
(2184, 0, 1, 4, NULL, NULL, 214.488, '1991-09-22', 306, NULL),
(2185, 0, 0.99, 0.71, NULL, NULL, 213.167, '1977-06-03', 307, NULL),
(2186, 0, 9, 6.43, NULL, NULL, 1930.508, '1973-03-04', 253, NULL),
(2187, 0, 3, 33.33, NULL, NULL, 643.438, '1974-11-09', 254, NULL),
(2188, 0, 3, 33.33, NULL, NULL, 643.438, '2003-08-09', 255, NULL),
(2189, 0, 3, 33.34, NULL, NULL, 643.631, '2017-04-12', 260, NULL),
(2190, 0, 7, 5, NULL, NULL, 1501.173, '2008-05-17', 104, NULL),
(2191, 0, 0.37, 5.26, NULL, NULL, 78.962, '1975-06-01', 105, NULL),
(2192, 0, 0.37, 5.26, NULL, NULL, 78.962, '1989-11-05', 106, NULL),
(2193, 0, 0.37, 5.26, NULL, NULL, 78.962, '1974-07-16', 107, NULL),
(2194, 0, 0.37, 5.26, NULL, NULL, 78.962, '1995-08-29', 108, NULL),
(2195, 0, 0.37, 5.26, NULL, NULL, 78.962, '2010-11-02', 109, NULL),
(2196, 0, 0.18, 50, NULL, NULL, 39.481, '1986-11-30', 110, NULL),
(2197, 0, 0.18, 50, NULL, NULL, 39.481, '1973-12-17', 111, NULL),
(2198, 0, 0.37, 5.26, NULL, NULL, 78.962, '1974-07-25', 112, NULL),
(2199, 0, 0.18, 50, NULL, NULL, 39.481, '1987-10-21', 113, NULL),
(2200, 0, 0.18, 50, NULL, NULL, 39.481, '2009-12-06', 114, NULL),
(2201, 0, 0.37, 5.26, NULL, NULL, 78.962, '1998-06-10', 115, NULL),
(2202, 0, 0.18, 50, NULL, NULL, 39.481, '1996-11-03', 116, NULL),
(2203, 0, 0.18, 50, NULL, NULL, 39.481, '2006-05-18', 117, NULL),
(2204, 0, 0.37, 5.26, NULL, NULL, 78.962, '1987-05-12', 118, NULL),
(2205, 0, 0.18, 50, NULL, NULL, 39.481, '2009-12-09', 119, NULL),
(2206, 0, 0.18, 50, NULL, NULL, 39.481, '2002-03-14', 120, NULL),
(2207, 0, 0.37, 5.26, NULL, NULL, 78.962, '2016-11-04', 121, NULL),
(2208, 0, 0.09, 25, NULL, NULL, 19.741, '2013-11-11', 122, NULL),
(2209, 0, 0.09, 25, NULL, NULL, 19.741, '1992-06-26', 123, NULL),
(2210, 0, 0.09, 25, NULL, NULL, 19.741, '2014-08-30', 124, NULL),
(2211, 0, 0.09, 25, NULL, NULL, 19.741, '2015-11-29', 125, NULL),
(2212, 0, 0.37, 5.26, NULL, NULL, 78.962, '1979-12-02', 126, NULL),
(2213, 0, 0.09, 25, NULL, NULL, 19.741, '1996-08-16', 127, NULL),
(2214, 0, 0.09, 25, NULL, NULL, 19.741, '1989-03-18', 128, NULL),
(2215, 0, 0.09, 25, NULL, NULL, 19.741, '2013-01-01', 129, NULL),
(2216, 0, 0.09, 25, NULL, NULL, 19.741, '2010-02-23', 130, NULL),
(2217, 0, 0.37, 5.26, NULL, NULL, 78.962, '2002-09-21', 131, NULL),
(2218, 0, 0.18, 50, NULL, NULL, 39.481, '1974-04-22', 132, NULL),
(2219, 0, 0.18, 50, NULL, NULL, 39.481, '1984-10-10', 133, NULL),
(2220, 0, 0.37, 5.26, NULL, NULL, 78.962, '1977-09-27', 134, NULL),
(2221, 0, 0.18, 50, NULL, NULL, 39.481, '1970-07-09', 135, NULL),
(2222, 0, 0.18, 50, NULL, NULL, 39.481, '2012-12-09', 136, NULL),
(2223, 0, 0.37, 5.26, NULL, NULL, 78.962, '1990-10-17', 137, NULL),
(2224, 0, 0.18, 50, NULL, NULL, 39.481, '1977-07-04', 138, NULL),
(2225, 0, 0.18, 50, NULL, NULL, 39.481, '1975-04-02', 139, NULL),
(2226, 0, 0.37, 5.26, NULL, NULL, 78.962, '1976-09-18', 141, NULL),
(2227, 0, 0.12, 33.33, NULL, NULL, 26.318, '1976-01-12', 142, NULL),
(2228, 0, 0.12, 33.33, NULL, NULL, 26.318, '1984-05-27', 143, NULL),
(2229, 0, 0.12, 33.34, NULL, NULL, 26.326, '1991-02-21', 144, NULL),
(2230, 0, 0.37, 5.26, NULL, NULL, 78.962, '1996-02-07', 145, NULL),
(2231, 0, 0.12, 33.33, NULL, NULL, 26.318, '1995-01-31', 146, NULL),
(2232, 0, 0.12, 33.33, NULL, NULL, 26.318, '1971-05-21', 147, NULL),
(2233, 0, 0.12, 33.34, NULL, NULL, 26.326, '2013-06-18', 148, NULL),
(2234, 0, 0.37, 5.26, NULL, NULL, 78.962, '1995-03-28', 149, NULL),
(2235, 0, 0.18, 50, NULL, NULL, 39.481, '2010-07-27', 150, NULL),
(2236, 0, 0.18, 50, NULL, NULL, 39.481, '1976-06-20', 151, NULL),
(2237, 0, 0.37, 5.26, NULL, NULL, 78.962, '1971-11-21', 153, NULL),
(2238, 0, 0.18, 50, NULL, NULL, 39.481, '1981-03-14', 154, NULL),
(2239, 0, 0.18, 50, NULL, NULL, 39.481, '1998-05-12', 155, NULL),
(2240, 0, 0.37, 5.26, NULL, NULL, 78.962, '1996-04-05', 156, NULL),
(2241, 0, 0.12, 33.33, NULL, NULL, 26.318, '1976-03-22', 157, NULL),
(2242, 0, 0.12, 33.33, NULL, NULL, 26.318, '1979-03-25', 158, NULL),
(2243, 0, 0.12, 33.34, NULL, NULL, 26.326, '1984-01-19', 159, NULL),
(2244, 0, 0.37, 5.32, NULL, NULL, 79.862, '2003-11-17', 160, NULL),
(2245, 0, 0.18, 50, NULL, NULL, 39.931, '1971-05-24', 161, NULL),
(2246, 0, 0.18, 50, NULL, NULL, 39.931, '1972-02-08', 162, NULL),
(2247, 0, 0.99, 0.71, NULL, NULL, 213.167, '1998-05-23', 310, NULL),
(2248, 0, 0.49, 50, NULL, NULL, 106.584, '2016-01-18', 311, NULL),
(2249, 0, 0.49, 50, NULL, NULL, 106.584, '1986-08-24', 312, NULL),
(2250, 0, NULL, 25, NULL, NULL, NULL, '2017-07-12', 69, NULL),
(2251, 0, NULL, 33.33, NULL, NULL, NULL, '2017-07-12', 70, NULL),
(2252, 0, NULL, 33.33, NULL, NULL, NULL, '2017-07-12', 71, NULL),
(2253, 0, NULL, 33.34, NULL, NULL, NULL, '2017-07-12', 95, NULL),
(2254, 0, NULL, 25, NULL, NULL, NULL, '2017-07-12', 88, NULL),
(2255, 0, NULL, 50, NULL, NULL, NULL, '2017-07-12', 102, NULL),
(2256, 0, NULL, 50, NULL, NULL, NULL, '2017-07-12', 103, NULL),
(2257, 0, NULL, 25, NULL, NULL, NULL, '2017-07-12', 318, NULL),
(2258, 0, NULL, 50, NULL, NULL, NULL, '2017-07-12', 319, NULL),
(2259, 0, NULL, 50, NULL, NULL, NULL, '2017-07-12', 320, NULL),
(2260, 0, NULL, 25, NULL, NULL, NULL, '2017-07-12', 317, NULL),
(2261, 0, NULL, 33.33, NULL, NULL, NULL, '2017-07-12', 321, NULL),
(2262, 0, NULL, 33.33, NULL, NULL, NULL, '2017-07-12', 322, NULL),
(2263, 0, NULL, 33.34, NULL, NULL, NULL, '2017-07-12', 323, NULL),
(2264, 0, 25, 25, NULL, NULL, 590, '1975-12-12', 69, NULL),
(2265, 0, 8.33, 33.33, NULL, NULL, 196.647, '2008-07-05', 70, NULL),
(2266, 0, 8.33, 33.33, NULL, NULL, 196.647, '1976-06-28', 71, NULL),
(2267, 0, 8.34, 33.34, NULL, NULL, 196.706, '2009-05-31', 95, NULL),
(2268, 0, 25, 25, NULL, NULL, 590, '2015-05-02', 88, NULL),
(2269, 0, 12.5, 50, NULL, NULL, 295, '1973-05-13', 102, NULL),
(2270, 0, 12.5, 50, NULL, NULL, 295, '1989-07-12', 103, NULL),
(2271, 0, 25, 25, NULL, NULL, 590, '2014-07-21', 318, b'1'),
(2272, 0, 12.5, 50, NULL, NULL, 295, '1978-10-28', 319, b'1'),
(2273, 0, 12.5, 50, NULL, NULL, 295, '1999-11-20', 320, b'1'),
(2274, 0, 25, 25, NULL, NULL, 590, '2005-08-13', 317, b'1'),
(2275, 0, 8.33, 33.33, NULL, NULL, 196.647, '2007-04-22', 321, b'1'),
(2276, 0, 8.33, 33.33, NULL, NULL, 196.647, '1993-09-27', 322, b'1'),
(2277, 0, 8.34, 33.34, NULL, NULL, 196.706, '2001-06-23', 323, b'1'),
(2278, 0, NULL, 50, NULL, NULL, NULL, '2017-07-12', 69, NULL),
(2279, 0, NULL, 33.33, NULL, NULL, NULL, '2017-07-12', 70, NULL),
(2280, 0, NULL, 33.33, NULL, NULL, NULL, '2017-07-12', 71, NULL),
(2281, 0, NULL, 33.34, NULL, NULL, NULL, '2017-07-12', 95, NULL),
(2282, 0, NULL, 50, NULL, NULL, NULL, '2017-07-12', 88, NULL),
(2283, 0, NULL, 50, NULL, NULL, NULL, '2017-07-12', 102, NULL),
(2284, 0, NULL, 50, NULL, NULL, NULL, '2017-07-12', 103, NULL),
(2285, 0, NULL, 7.69, NULL, NULL, NULL, '2017-08-12', 212, NULL),
(2286, 0, NULL, 11.11, NULL, NULL, NULL, '2017-08-12', 213, NULL),
(2287, 0, NULL, 11.11, NULL, NULL, NULL, '2017-08-12', 214, NULL),
(2288, 0, NULL, 11.11, NULL, NULL, NULL, '2017-08-12', 215, NULL),
(2289, 0, NULL, 11.11, NULL, NULL, NULL, '2017-08-12', 216, NULL),
(2290, 0, NULL, 11.11, NULL, NULL, NULL, '2017-08-12', 218, NULL),
(2291, 0, NULL, 11.11, NULL, NULL, NULL, '2017-08-12', 219, NULL),
(2292, 0, NULL, 12.5, NULL, NULL, NULL, '2017-08-12', 220, NULL),
(2293, 0, NULL, 12.5, NULL, NULL, NULL, '2017-08-12', 221, NULL),
(2294, 0, NULL, 12.5, NULL, NULL, NULL, '2017-08-12', 222, NULL),
(2295, 0, NULL, 12.5, NULL, NULL, NULL, '2017-08-12', 223, NULL),
(2296, 0, NULL, 12.5, NULL, NULL, NULL, '2017-08-12', 224, NULL),
(2297, 0, NULL, 12.5, NULL, NULL, NULL, '2017-08-12', 225, NULL),
(2298, 0, NULL, 12.5, NULL, NULL, NULL, '2017-08-12', 226, NULL),
(2299, 0, NULL, 12.5, NULL, NULL, NULL, '2017-08-12', 227, NULL),
(2300, 0, NULL, 11.11, NULL, NULL, NULL, '2017-08-12', 228, NULL),
(2301, 0, NULL, 33.33, NULL, NULL, NULL, '2017-08-12', 229, NULL),
(2302, 0, NULL, 33.33, NULL, NULL, NULL, '2017-08-12', 230, NULL),
(2303, 0, NULL, 33.34, NULL, NULL, NULL, '2017-08-12', 231, NULL),
(2304, 0, NULL, 11.11, NULL, NULL, NULL, '2017-08-12', 232, NULL),
(2305, 0, NULL, 8.33, NULL, NULL, NULL, '2017-08-12', 233, NULL),
(2306, 0, NULL, 8.33, NULL, NULL, NULL, '2017-08-12', 234, NULL),
(2307, 0, NULL, 8.33, NULL, NULL, NULL, '2017-08-12', 235, NULL),
(2308, 0, NULL, 8.33, NULL, NULL, NULL, '2017-08-12', 236, NULL),
(2309, 0, NULL, 8.33, NULL, NULL, NULL, '2017-08-12', 237, NULL),
(2310, 0, NULL, 8.33, NULL, NULL, NULL, '2017-08-12', 238, NULL),
(2311, 0, NULL, 8.33, NULL, NULL, NULL, '2017-08-12', 239, NULL),
(2312, 0, NULL, 8.33, NULL, NULL, NULL, '2017-08-12', 240, NULL),
(2313, 0, NULL, 8.33, NULL, NULL, NULL, '2017-08-12', 241, NULL),
(2314, 0, NULL, 8.33, NULL, NULL, NULL, '2017-08-12', 242, NULL),
(2315, 0, NULL, 8.33, NULL, NULL, NULL, '2017-08-12', 243, NULL),
(2316, 0, NULL, 8.37, NULL, NULL, NULL, '2017-08-12', 244, NULL),
(2317, 0, NULL, 11.12, NULL, NULL, NULL, '2017-08-12', 245, NULL),
(2318, 0, NULL, 14.29, NULL, NULL, NULL, '2017-08-12', 246, NULL),
(2319, 0, NULL, 14.29, NULL, NULL, NULL, '2017-08-12', 247, NULL),
(2320, 0, NULL, 14.29, NULL, NULL, NULL, '2017-08-12', 248, NULL),
(2321, 0, NULL, 14.29, NULL, NULL, NULL, '2017-08-12', 249, NULL),
(2322, 0, NULL, 14.29, NULL, NULL, NULL, '2017-08-12', 250, NULL),
(2323, 0, NULL, 14.29, NULL, NULL, NULL, '2017-08-12', 251, NULL),
(2324, 0, NULL, 14.26, NULL, NULL, NULL, '2017-08-12', 252, NULL),
(2325, 0, NULL, 7.69, NULL, NULL, NULL, '2017-08-12', 152, NULL),
(2326, 0, NULL, 50, NULL, NULL, NULL, '2017-08-12', 166, NULL),
(2327, 0, NULL, 50, NULL, NULL, NULL, '2017-08-12', 167, NULL),
(2328, 0, NULL, 4, NULL, NULL, NULL, '2017-08-12', 168, NULL),
(2329, 0, NULL, 4, NULL, NULL, NULL, '2017-08-12', 169, NULL),
(2330, 0, NULL, 4, NULL, NULL, NULL, '2017-08-12', 172, NULL),
(2331, 0, NULL, 4, NULL, NULL, NULL, '2017-08-12', 173, NULL),
(2332, 0, NULL, 4, NULL, NULL, NULL, '2017-08-12', 174, NULL),
(2333, 0, NULL, 4, NULL, NULL, NULL, '2017-08-12', 175, NULL),
(2334, 0, NULL, 4, NULL, NULL, NULL, '2017-08-12', 176, NULL),
(2335, 0, NULL, 4, NULL, NULL, NULL, '2017-08-12', 177, NULL),
(2336, 0, NULL, 4, NULL, NULL, NULL, '2017-08-12', 178, NULL),
(2337, 0, NULL, 4, NULL, NULL, NULL, '2017-08-12', 179, NULL),
(2338, 0, NULL, 4, NULL, NULL, NULL, '2017-08-12', 180, NULL),
(2339, 0, NULL, 4, NULL, NULL, NULL, '2017-08-12', 181, NULL),
(2340, 0, NULL, 4, NULL, NULL, NULL, '2017-08-12', 182, NULL),
(2341, 0, NULL, 4, NULL, NULL, NULL, '2017-08-12', 183, NULL),
(2342, 0, NULL, 4, NULL, NULL, NULL, '2017-08-12', 184, NULL),
(2343, 0, NULL, 4, NULL, NULL, NULL, '2017-08-12', 185, NULL),
(2344, 0, NULL, 4, NULL, NULL, NULL, '2017-08-12', 186, NULL),
(2345, 0, NULL, 4, NULL, NULL, NULL, '2017-08-12', 187, NULL),
(2346, 0, NULL, 4, NULL, NULL, NULL, '2017-08-12', 188, NULL),
(2347, 0, NULL, 4, NULL, NULL, NULL, '2017-08-12', 189, NULL),
(2348, 0, NULL, 4, NULL, NULL, NULL, '2017-08-12', 190, NULL),
(2349, 0, NULL, 4, NULL, NULL, NULL, '2017-08-12', 191, NULL),
(2350, 0, NULL, 4, NULL, NULL, NULL, '2017-08-12', 192, NULL),
(2351, 0, NULL, 4, NULL, NULL, NULL, '2017-08-12', 193, NULL),
(2352, 0, NULL, 4, NULL, NULL, NULL, '2017-08-12', 194, NULL),
(2353, 0, NULL, 7.69, NULL, NULL, NULL, '2017-08-12', 195, NULL),
(2354, 0, NULL, 33.33, NULL, NULL, NULL, '2017-08-12', 196, NULL),
(2355, 0, NULL, 33.33, NULL, NULL, NULL, '2017-08-12', 197, NULL),
(2356, 0, NULL, 16.67, NULL, NULL, NULL, '2017-08-12', 198, NULL),
(2357, 0, NULL, 16.67, NULL, NULL, NULL, '2017-08-12', 199, NULL),
(2358, 0, NULL, 16.67, NULL, NULL, NULL, '2017-08-12', 200, NULL),
(2359, 0, NULL, 16.67, NULL, NULL, NULL, '2017-08-12', 201, NULL),
(2360, 0, NULL, 16.67, NULL, NULL, NULL, '2017-08-12', 202, NULL),
(2361, 0, NULL, 16.65, NULL, NULL, NULL, '2017-08-12', 203, NULL),
(2362, 0, NULL, 33.34, NULL, NULL, NULL, '2017-08-12', 204, NULL),
(2363, 0, NULL, 14.29, NULL, NULL, NULL, '2017-08-12', 205, NULL),
(2364, 0, NULL, 14.29, NULL, NULL, NULL, '2017-08-12', 206, NULL),
(2365, 0, NULL, 14.29, NULL, NULL, NULL, '2017-08-12', 207, NULL),
(2366, 0, NULL, 14.29, NULL, NULL, NULL, '2017-08-12', 208, NULL);
INSERT INTO `consumo` (`idConsumo`, `num_comp`, `Mbps_Asignado`, `Porc_Mbps`, `Costo_Mbps`, `Porc_Acum`, `SubTotal`, `Fecha`, `idArea`, `Estado`) VALUES
(2367, 0, NULL, 14.29, NULL, NULL, NULL, '2017-08-12', 209, NULL),
(2368, 0, NULL, 14.29, NULL, NULL, NULL, '2017-08-12', 210, NULL),
(2369, 0, NULL, 14.26, NULL, NULL, NULL, '2017-08-12', 211, NULL),
(2370, 0, NULL, 7.69, NULL, NULL, NULL, '2017-08-12', 140, NULL),
(2371, 0, NULL, 33.33, NULL, NULL, NULL, '2017-08-12', 163, NULL),
(2372, 0, NULL, 33.33, NULL, NULL, NULL, '2017-08-12', 164, NULL),
(2373, 0, NULL, 33.34, NULL, NULL, NULL, '2017-08-12', 165, NULL),
(2374, 0, NULL, 7.69, NULL, NULL, NULL, '2017-08-12', 256, NULL),
(2375, 0, NULL, 7.69, NULL, NULL, NULL, '2017-08-12', 264, NULL),
(2376, 0, NULL, 5.88, NULL, NULL, NULL, '2017-08-12', 265, NULL),
(2377, 0, NULL, 5.88, NULL, NULL, NULL, '2017-08-12', 266, NULL),
(2378, 0, NULL, 5.88, NULL, NULL, NULL, '2017-08-12', 267, NULL),
(2379, 0, NULL, 5.88, NULL, NULL, NULL, '2017-08-12', 268, NULL),
(2380, 0, NULL, 5.88, NULL, NULL, NULL, '2017-08-12', 269, NULL),
(2381, 0, NULL, 5.88, NULL, NULL, NULL, '2017-08-12', 270, NULL),
(2382, 0, NULL, 5.88, NULL, NULL, NULL, '2017-08-12', 271, NULL),
(2383, 0, NULL, 5.88, NULL, NULL, NULL, '2017-08-12', 272, NULL),
(2384, 0, NULL, 5.88, NULL, NULL, NULL, '2017-08-12', 273, NULL),
(2385, 0, NULL, 5.88, NULL, NULL, NULL, '2017-08-12', 274, NULL),
(2386, 0, NULL, 5.88, NULL, NULL, NULL, '2017-08-12', 275, NULL),
(2387, 0, NULL, 5.88, NULL, NULL, NULL, '2017-08-12', 276, NULL),
(2388, 0, NULL, 5.88, NULL, NULL, NULL, '2017-08-12', 277, NULL),
(2389, 0, NULL, 5.88, NULL, NULL, NULL, '2017-08-12', 278, NULL),
(2390, 0, NULL, 5.88, NULL, NULL, NULL, '2017-08-12', 279, NULL),
(2391, 0, NULL, 5.88, NULL, NULL, NULL, '2017-08-12', 280, NULL),
(2392, 0, NULL, 5.92, NULL, NULL, NULL, '2017-08-12', 281, NULL),
(2393, 0, NULL, 7.69, NULL, NULL, NULL, '2017-08-12', 314, NULL),
(2394, 0, NULL, 7.69, NULL, NULL, NULL, '2017-08-12', 308, NULL),
(2395, 0, NULL, 100, NULL, NULL, NULL, '2017-08-12', 309, NULL),
(2396, 0, NULL, 7.69, NULL, NULL, NULL, '2017-08-12', 217, NULL),
(2397, 0, NULL, 4, NULL, NULL, NULL, '2017-08-12', 282, NULL),
(2398, 0, NULL, 4, NULL, NULL, NULL, '2017-08-12', 283, NULL),
(2399, 0, NULL, 4, NULL, NULL, NULL, '2017-08-12', 284, NULL),
(2400, 0, NULL, 4, NULL, NULL, NULL, '2017-08-12', 285, NULL),
(2401, 0, NULL, 4, NULL, NULL, NULL, '2017-08-12', 286, NULL),
(2402, 0, NULL, 4, NULL, NULL, NULL, '2017-08-12', 287, NULL),
(2403, 0, NULL, 4, NULL, NULL, NULL, '2017-08-12', 288, NULL),
(2404, 0, NULL, 4, NULL, NULL, NULL, '2017-08-12', 289, NULL),
(2405, 0, NULL, 4, NULL, NULL, NULL, '2017-08-12', 290, NULL),
(2406, 0, NULL, 4, NULL, NULL, NULL, '2017-08-12', 291, NULL),
(2407, 0, NULL, 4, NULL, NULL, NULL, '2017-08-12', 292, NULL),
(2408, 0, NULL, 4, NULL, NULL, NULL, '2017-08-12', 293, NULL),
(2409, 0, NULL, 4, NULL, NULL, NULL, '2017-08-12', 294, NULL),
(2410, 0, NULL, 4, NULL, NULL, NULL, '2017-08-12', 295, NULL),
(2411, 0, NULL, 4, NULL, NULL, NULL, '2017-08-12', 296, NULL),
(2412, 0, NULL, 4, NULL, NULL, NULL, '2017-08-12', 297, NULL),
(2413, 0, NULL, 4, NULL, NULL, NULL, '2017-08-12', 298, NULL),
(2414, 0, NULL, 4, NULL, NULL, NULL, '2017-08-12', 299, NULL),
(2415, 0, NULL, 4, NULL, NULL, NULL, '2017-08-12', 300, NULL),
(2416, 0, NULL, 4, NULL, NULL, NULL, '2017-08-12', 301, NULL),
(2417, 0, NULL, 4, NULL, NULL, NULL, '2017-08-12', 302, NULL),
(2418, 0, NULL, 4, NULL, NULL, NULL, '2017-08-12', 303, NULL),
(2419, 0, NULL, 4, NULL, NULL, NULL, '2017-08-12', 304, NULL),
(2420, 0, NULL, 4, NULL, NULL, NULL, '2017-08-12', 305, NULL),
(2421, 0, NULL, 4, NULL, NULL, NULL, '2017-08-12', 306, NULL),
(2422, 0, NULL, 7.69, NULL, NULL, NULL, '2017-08-12', 307, NULL),
(2423, 0, NULL, 7.69, NULL, NULL, NULL, '2017-08-12', 253, NULL),
(2424, 0, NULL, 33.33, NULL, NULL, NULL, '2017-08-12', 254, NULL),
(2425, 0, NULL, 33.33, NULL, NULL, NULL, '2017-08-12', 255, NULL),
(2426, 0, NULL, 33.34, NULL, NULL, NULL, '2017-08-12', 260, NULL),
(2427, 0, NULL, 7.69, NULL, NULL, NULL, '2017-08-12', 104, NULL),
(2428, 0, NULL, 5.26, NULL, NULL, NULL, '2017-08-12', 105, NULL),
(2429, 0, NULL, 5.26, NULL, NULL, NULL, '2017-08-12', 106, NULL),
(2430, 0, NULL, 5.26, NULL, NULL, NULL, '2017-08-12', 107, NULL),
(2431, 0, NULL, 5.26, NULL, NULL, NULL, '2017-08-12', 108, NULL),
(2432, 0, NULL, 5.26, NULL, NULL, NULL, '2017-08-12', 109, NULL),
(2433, 0, NULL, 50, NULL, NULL, NULL, '2017-08-12', 110, NULL),
(2434, 0, NULL, 50, NULL, NULL, NULL, '2017-08-12', 111, NULL),
(2435, 0, NULL, 5.26, NULL, NULL, NULL, '2017-08-12', 112, NULL),
(2436, 0, NULL, 50, NULL, NULL, NULL, '2017-08-12', 113, NULL),
(2437, 0, NULL, 50, NULL, NULL, NULL, '2017-08-12', 114, NULL),
(2438, 0, NULL, 5.26, NULL, NULL, NULL, '2017-08-12', 115, NULL),
(2439, 0, NULL, 50, NULL, NULL, NULL, '2017-08-12', 116, NULL),
(2440, 0, NULL, 50, NULL, NULL, NULL, '2017-08-12', 117, NULL),
(2441, 0, NULL, 5.26, NULL, NULL, NULL, '2017-08-12', 118, NULL),
(2442, 0, NULL, 50, NULL, NULL, NULL, '2017-08-12', 119, NULL),
(2443, 0, NULL, 50, NULL, NULL, NULL, '2017-08-12', 120, NULL),
(2444, 0, NULL, 5.26, NULL, NULL, NULL, '2017-08-12', 121, NULL),
(2445, 0, NULL, 25, NULL, NULL, NULL, '2017-08-12', 122, NULL),
(2446, 0, NULL, 25, NULL, NULL, NULL, '2017-08-12', 123, NULL),
(2447, 0, NULL, 25, NULL, NULL, NULL, '2017-08-12', 124, NULL),
(2448, 0, NULL, 25, NULL, NULL, NULL, '2017-08-12', 125, NULL),
(2449, 0, NULL, 5.26, NULL, NULL, NULL, '2017-08-12', 126, NULL),
(2450, 0, NULL, 25, NULL, NULL, NULL, '2017-08-12', 127, NULL),
(2451, 0, NULL, 25, NULL, NULL, NULL, '2017-08-12', 128, NULL),
(2452, 0, NULL, 25, NULL, NULL, NULL, '2017-08-12', 129, NULL),
(2453, 0, NULL, 25, NULL, NULL, NULL, '2017-08-12', 130, NULL),
(2454, 0, NULL, 5.26, NULL, NULL, NULL, '2017-08-12', 131, NULL),
(2455, 0, NULL, 50, NULL, NULL, NULL, '2017-08-12', 132, NULL),
(2456, 0, NULL, 50, NULL, NULL, NULL, '2017-08-12', 133, NULL),
(2457, 0, NULL, 5.26, NULL, NULL, NULL, '2017-08-12', 134, NULL),
(2458, 0, NULL, 50, NULL, NULL, NULL, '2017-08-12', 135, NULL),
(2459, 0, NULL, 50, NULL, NULL, NULL, '2017-08-12', 136, NULL),
(2460, 0, NULL, 5.26, NULL, NULL, NULL, '2017-08-12', 137, NULL),
(2461, 0, NULL, 50, NULL, NULL, NULL, '2017-08-12', 138, NULL),
(2462, 0, NULL, 50, NULL, NULL, NULL, '2017-08-12', 139, NULL),
(2463, 0, NULL, 5.26, NULL, NULL, NULL, '2017-08-12', 141, NULL),
(2464, 0, NULL, 33.33, NULL, NULL, NULL, '2017-08-12', 142, NULL),
(2465, 0, NULL, 33.33, NULL, NULL, NULL, '2017-08-12', 143, NULL),
(2466, 0, NULL, 33.34, NULL, NULL, NULL, '2017-08-12', 144, NULL),
(2467, 0, NULL, 5.26, NULL, NULL, NULL, '2017-08-12', 145, NULL),
(2468, 0, NULL, 33.33, NULL, NULL, NULL, '2017-08-12', 146, NULL),
(2469, 0, NULL, 33.33, NULL, NULL, NULL, '2017-08-12', 147, NULL),
(2470, 0, NULL, 33.34, NULL, NULL, NULL, '2017-08-12', 148, NULL),
(2471, 0, NULL, 5.26, NULL, NULL, NULL, '2017-08-12', 149, NULL),
(2472, 0, NULL, 50, NULL, NULL, NULL, '2017-08-12', 150, NULL),
(2473, 0, NULL, 50, NULL, NULL, NULL, '2017-08-12', 151, NULL),
(2474, 0, NULL, 5.26, NULL, NULL, NULL, '2017-08-12', 153, NULL),
(2475, 0, NULL, 50, NULL, NULL, NULL, '2017-08-12', 154, NULL),
(2476, 0, NULL, 50, NULL, NULL, NULL, '2017-08-12', 155, NULL),
(2477, 0, NULL, 5.26, NULL, NULL, NULL, '2017-08-12', 156, NULL),
(2478, 0, NULL, 33.33, NULL, NULL, NULL, '2017-08-12', 157, NULL),
(2479, 0, NULL, 33.33, NULL, NULL, NULL, '2017-08-12', 158, NULL),
(2480, 0, NULL, 33.34, NULL, NULL, NULL, '2017-08-12', 159, NULL),
(2481, 0, NULL, 5.32, NULL, NULL, NULL, '2017-08-12', 160, NULL),
(2482, 0, NULL, 50, NULL, NULL, NULL, '2017-08-12', 161, NULL),
(2483, 0, NULL, 50, NULL, NULL, NULL, '2017-08-12', 162, NULL),
(2484, 0, NULL, 7.72, NULL, NULL, NULL, '2017-08-12', 310, NULL),
(2485, 0, NULL, 50, NULL, NULL, NULL, '2017-08-12', 311, NULL),
(2486, 0, NULL, 50, NULL, NULL, NULL, '2017-08-12', 312, NULL),
(2487, 0, NULL, 25, NULL, NULL, NULL, '2017-08-12', 261, b'1'),
(2488, 0, NULL, 50, NULL, NULL, NULL, '2017-08-12', 262, b'1'),
(2489, 0, NULL, 50, NULL, NULL, NULL, '2017-08-12', 263, b'1'),
(2490, 0, NULL, 25, NULL, NULL, NULL, '2017-08-12', 257, b'1'),
(2491, 0, NULL, 100, NULL, NULL, NULL, '2017-08-12', 259, b'1'),
(2492, 0, NULL, 25, NULL, NULL, NULL, '2017-08-12', 69, b'1'),
(2493, 0, NULL, 33.33, NULL, NULL, NULL, '2017-08-12', 70, b'1'),
(2494, 0, NULL, 33.33, NULL, NULL, NULL, '2017-08-12', 71, b'1'),
(2495, 0, NULL, 33.34, NULL, NULL, NULL, '2017-08-12', 95, b'1'),
(2496, 0, NULL, 25, NULL, NULL, NULL, '2017-08-12', 88, b'1'),
(2497, 0, NULL, 50, NULL, NULL, NULL, '2017-08-12', 102, b'1'),
(2498, 0, NULL, 50, NULL, NULL, NULL, '2017-08-12', 103, b'1'),
(2499, 0, NULL, 100, NULL, NULL, NULL, '2017-11-09', 341, b'1'),
(2500, 0, NULL, 50, NULL, NULL, NULL, '2017-11-09', 342, b'1'),
(2501, 0, NULL, 50, NULL, NULL, NULL, '2017-11-09', 343, NULL),
(2502, 0, NULL, 50, NULL, NULL, NULL, '2017-11-09', 344, NULL),
(2503, 0, NULL, 50, NULL, NULL, NULL, '2017-11-09', 347, NULL),
(2504, 0, NULL, 50, NULL, NULL, NULL, '2017-11-09', 346, NULL),
(2505, 0, NULL, 33.33, NULL, NULL, NULL, '2017-11-09', 348, NULL),
(2506, 0, NULL, 66.67, NULL, NULL, NULL, '2017-11-09', 349, NULL),
(2507, 0, NULL, 33.33, NULL, NULL, NULL, '2017-11-09', 350, NULL),
(2508, 0, NULL, 50, NULL, NULL, NULL, '2017-11-09', 345, b'1'),
(2509, 0, 0, 0, NULL, NULL, 0, '1980-07-13', 344, NULL),
(2510, 0, 0, 0, NULL, NULL, 0, '2004-08-30', 347, NULL),
(2511, 0, 0, 0, NULL, NULL, 0, '1975-03-21', 348, NULL),
(2512, 0, 0, 0, NULL, NULL, 0, '1982-01-21', 349, NULL),
(2513, 0, 0, 0, NULL, NULL, 0, '2016-02-04', 350, NULL),
(2514, 0, 150, 0, NULL, NULL, 0, '2006-04-27', 343, NULL),
(2515, 2, 60, 0.319, NULL, NULL, 2421.711, '1994-12-13', 344, NULL),
(2516, 3, 90, 0.479, NULL, NULL, 3636.362, '1986-03-20', 347, NULL),
(2517, 0, 38, 0, NULL, NULL, 0, '2013-04-16', 346, NULL),
(2518, 10, 19, 0.101, NULL, NULL, 766.749, '1985-11-14', 348, NULL),
(2519, 4, 7.6, 0.04, NULL, NULL, 303.663, '2012-12-30', 349, NULL),
(2520, 6, 11.4, 0.061, NULL, NULL, 463.086, '2014-07-05', 350, NULL),
(2521, 0, 0, 0, NULL, NULL, 0, '1980-08-08', 344, NULL),
(2522, 0, 0, 0, NULL, NULL, 0, '1998-04-07', 347, NULL),
(2523, 0, 0, 0, NULL, NULL, 0, '1990-02-18', 348, NULL),
(2524, 0, 0, 0, NULL, NULL, 0, '1977-12-10', 349, NULL),
(2525, 0, 0, 0, NULL, NULL, 0, '1978-07-02', 350, NULL),
(2526, 0, 150, 0, NULL, NULL, 0, '1983-03-12', 343, NULL),
(2527, 0, 0, 0, NULL, NULL, 0, '2007-04-12', 344, NULL),
(2528, 0, 0, 0, NULL, NULL, 0, '1994-08-05', 347, NULL),
(2529, 0, 38, 0, NULL, NULL, 0, '1982-06-03', 346, NULL),
(2530, 22, 24.588, 0.131, NULL, NULL, 994.496, '2004-05-07', 348, NULL),
(2531, 10, 11.176, 0.059, NULL, NULL, 447.903, '1989-04-04', 349, NULL),
(2532, 2, 2.235, 0.012, NULL, NULL, 91.099, '2017-08-21', 350, NULL),
(2533, 0, 0, 0, NULL, NULL, 0, '1973-03-30', 344, b'1'),
(2534, 0, 0, 0, NULL, NULL, 0, '1993-07-17', 347, b'1'),
(2535, 0, 0, 0, NULL, NULL, 0, '1975-09-03', 348, b'1'),
(2536, 0, 0, 0, NULL, NULL, 0, '2004-09-07', 349, b'1'),
(2537, 0, 0, 0, NULL, NULL, 0, '2009-11-25', 350, b'1'),
(2538, 0, 150, 0, NULL, NULL, 0, '2008-01-08', 343, b'1'),
(2539, 0, 0, 0, NULL, NULL, 0, '1989-11-04', 344, b'1'),
(2540, 0, 0, 0, NULL, NULL, 0, '2011-04-07', 347, b'1'),
(2541, 0, 38, 0, NULL, NULL, 0, '1997-12-16', 346, b'1'),
(2542, 10, 11.515, 0.061, NULL, NULL, 463.086, '1994-01-05', 348, b'1'),
(2543, 20, 23.03, 0.122, NULL, NULL, 926.172, '2001-12-14', 349, b'1'),
(2544, 3, 3.455, 0.018, NULL, NULL, 136.648, '1974-10-24', 350, b'1'),
(2545, 0, 10, 0, NULL, NULL, 0, '1987-12-18', 367, NULL),
(2546, 0, 20, 0, NULL, NULL, 0, '1980-01-28', 368, NULL),
(2547, 0, 20, 0, NULL, NULL, 0, '1986-01-04', 370, NULL),
(2548, 8, 10.667, 0.057, NULL, NULL, 432.719, '1976-01-19', 371, NULL),
(2549, 7, 9.333, 0.049, NULL, NULL, 371.987, '1980-09-04', 372, NULL),
(2550, 0, 59, 0, NULL, NULL, 0, '1994-10-24', 360, NULL),
(2551, 4, 15.733, 0.084, NULL, NULL, 637.692, '2002-11-21', 361, NULL),
(2552, 5, 19.667, 0.105, NULL, NULL, 797.115, '1977-01-22', 362, NULL),
(2553, 6, 23.6, 0.126, NULL, NULL, 956.538, '1983-05-09', 363, NULL),
(2554, 0, 10, 0, NULL, NULL, 0, '2002-04-21', 367, NULL),
(2555, 0, 20, 0, NULL, NULL, 0, '2001-07-11', 368, NULL),
(2556, 0, 20, 0, NULL, NULL, 0, '2013-07-02', 370, NULL),
(2557, 8, 10.667, 0.057, NULL, NULL, 432.719, '1976-12-14', 371, NULL),
(2558, 7, 9.333, 0.049, NULL, NULL, 371.987, '1990-06-21', 372, NULL),
(2559, 0, 59, 0, NULL, NULL, 0, '2012-03-08', 360, NULL),
(2560, 4, 15.733, 0.084, NULL, NULL, 637.692, '1973-03-31', 361, NULL),
(2561, 5, 19.667, 0.105, NULL, NULL, 797.115, '1976-11-02', 362, NULL),
(2562, 6, 23.6, 0.126, NULL, NULL, 956.538, '2000-08-11', 363, NULL),
(2563, 0, 10, 0, NULL, NULL, 0, '2006-09-25', 367, NULL),
(2564, 0, 20, 0, NULL, NULL, 0, '1985-10-29', 368, NULL),
(2565, 0, 20, 0, NULL, NULL, 0, '2007-07-17', 370, NULL),
(2566, 8, 10.667, 0.057, NULL, NULL, 432.719, '2009-08-02', 371, NULL),
(2567, 7, 9.333, 0.049, NULL, NULL, 371.987, '1986-01-01', 372, NULL),
(2568, 11, 59, 0.314, NULL, NULL, 2383.753, '1999-06-19', 360, NULL),
(2569, 4, 15.733, 0.084, NULL, NULL, 637.692, '1985-02-01', 361, NULL),
(2570, 5, 19.667, 0.105, NULL, NULL, 797.115, '2009-01-05', 362, NULL),
(2571, 6, 23.6, 0.126, NULL, NULL, 956.538, '1987-02-15', 363, NULL),
(2572, 0, 10, 0, NULL, NULL, 0, '1974-06-19', 367, NULL),
(2573, 0, 20, 0, NULL, NULL, 0, '1979-12-01', 368, NULL),
(2574, 0, 20, 0, NULL, NULL, 0, '2014-08-03', 370, NULL),
(2575, 8, 10.667, 0.057, NULL, NULL, 432.719, '1988-11-14', 371, NULL),
(2576, 7, 9.333, 0.049, NULL, NULL, 371.987, '2007-02-11', 372, NULL),
(2577, 11, 59, 0.314, NULL, NULL, 2383.753, '1994-07-05', 360, NULL),
(2578, 4, 15.733, 0.084, NULL, NULL, 637.692, '1986-11-07', 361, NULL),
(2579, 5, 19.667, 0.105, NULL, NULL, 797.115, '1992-03-07', 362, NULL),
(2580, 6, 23.6, 0.126, NULL, NULL, 956.538, '1985-09-09', 363, NULL),
(2581, 4, 10, 0.053, NULL, NULL, 402.353, '1995-07-19', 367, NULL),
(2582, 3, 20, 0.106, NULL, NULL, 804.706, '1997-10-18', 368, NULL),
(2583, 2, 20, 0.106, NULL, NULL, 804.706, '1982-11-29', 370, NULL),
(2584, 8, 10.667, 0.057, NULL, NULL, 432.719, '1980-01-26', 371, NULL),
(2585, 7, 9.333, 0.049, NULL, NULL, 371.987, '1991-09-19', 372, NULL),
(2586, 11, 59, 0.314, NULL, NULL, 2383.753, '2007-02-05', 360, NULL),
(2587, 4, 15.733, 0.084, NULL, NULL, 637.692, '1981-04-02', 361, NULL),
(2588, 5, 19.667, 0.105, NULL, NULL, 797.115, '1988-01-08', 362, NULL),
(2589, 6, 23.6, 0.126, NULL, NULL, 956.538, '2011-11-06', 363, NULL),
(2590, 4, 10, 0.053, NULL, NULL, 402.353, '2007-02-28', 367, NULL),
(2591, 3, 20, 0.106, NULL, NULL, 804.706, '2013-03-02', 368, NULL),
(2592, 2, 20, 0.106, NULL, NULL, 804.706, '1980-09-18', 370, NULL),
(2593, 8, 10.667, 0.057, NULL, NULL, 432.719, '1979-08-18', 371, NULL),
(2594, 7, 9.333, 0.049, NULL, NULL, 371.987, '1987-05-13', 372, NULL),
(2595, 15, 59, 0.314, NULL, NULL, 2382.461, '2009-02-08', 360, NULL),
(2596, 4, 15.733, 0.084, NULL, NULL, 635.323, '1994-01-31', 361, NULL),
(2597, 5, 19.667, 0.105, NULL, NULL, 794.154, '2015-09-17', 362, NULL),
(2598, 6, 23.6, 0.126, NULL, NULL, 952.984, '1986-10-16', 363, NULL),
(2599, 4, 10, 0.053, NULL, NULL, 402.353, '2009-12-18', 367, NULL),
(2600, 3, 20, 0.106, NULL, NULL, 804.706, '1992-09-17', 368, NULL),
(2601, 2, 20, 0.106, NULL, NULL, 804.706, '2006-06-10', 370, NULL),
(2602, 8, 10.667, 0.057, NULL, NULL, 432.719, '1995-11-22', 371, NULL),
(2603, 7, 9.333, 0.049, NULL, NULL, 371.987, '2008-11-25', 372, NULL),
(2604, 15, 59, 0.314, NULL, NULL, 2382.461, '2011-05-11', 360, NULL),
(2605, 4, 15.733, 0.084, NULL, NULL, 635.323, '2014-05-13', 361, NULL),
(2606, 5, 19.667, 0.105, NULL, NULL, 794.154, '2007-02-26', 362, NULL),
(2607, 6, 23.6, 0.126, NULL, NULL, 952.984, '1977-01-11', 363, NULL),
(2608, 4, 10, 0.053, NULL, NULL, 402.353, '2017-10-26', 367, NULL),
(2609, 3, 20, 0.106, NULL, NULL, 804.706, '1992-05-12', 368, NULL),
(2610, 2, 20, 0.106, NULL, NULL, 804.706, '1984-01-15', 370, NULL),
(2611, 8, 10.667, 0.057, NULL, NULL, 432.719, '2002-09-23', 371, NULL),
(2612, 7, 9.333, 0.049, NULL, NULL, 371.987, '1971-01-25', 372, NULL),
(2613, 15, 59, 0.314, NULL, NULL, 2382.461, '2012-05-09', 360, NULL),
(2614, 4, 15.733, 0.084, NULL, NULL, 635.323, '2014-03-19', 361, NULL),
(2615, 5, 19.667, 0.105, NULL, NULL, 794.154, '1987-01-22', 362, NULL),
(2616, 6, 23.6, 0.126, NULL, NULL, 952.984, '1975-08-24', 363, NULL),
(2617, 4, 10, 0.053, NULL, NULL, 402.353, '2009-10-17', 367, NULL),
(2618, 3, 20, 0.106, NULL, NULL, 804.706, '1972-08-02', 368, NULL),
(2619, 2, 20, 0.106, NULL, NULL, 804.706, '1979-10-05', 370, NULL),
(2620, 8, 10.667, 0.057, NULL, NULL, 432.719, '1973-02-03', 371, NULL),
(2621, 7, 9.333, 0.049, NULL, NULL, 371.987, '1984-05-02', 372, NULL),
(2622, 15, 59, 0.31382978723404253, NULL, NULL, 2382.46079787234, '1998-10-07', 360, NULL),
(2623, 4, 15.733333333333333, 0.08368794326241134, NULL, NULL, 635.3228794326241, '1990-07-30', 361, NULL),
(2624, 5, 19.666666666666664, 0.10460992907801417, NULL, NULL, 794.15359929078, '1971-05-11', 362, NULL),
(2625, 6, 23.599999999999998, 0.125531914893617, NULL, NULL, 952.984319148936, '2009-06-19', 363, NULL),
(2626, 4, 10, 0.053, NULL, NULL, 402.353, '1976-03-26', 367, b'1'),
(2627, 3, 20, 0.106, NULL, NULL, 804.706, '1971-07-16', 368, b'1'),
(2628, 2, 20, 0.106, NULL, NULL, 804.706, '1985-10-20', 370, b'1'),
(2629, 8, 10.667, 0.057, NULL, NULL, 432.719, '2004-01-15', 371, b'1'),
(2630, 7, 9.333, 0.049, NULL, NULL, 371.987, '1997-11-11', 372, b'1'),
(2631, 15, 59, 0.314, NULL, NULL, 2382.461, '1974-07-09', 360, b'1'),
(2632, 4, 15.733, 0.084, NULL, NULL, 635.323, '1971-10-01', 361, b'1'),
(2633, 5, 19.667, 0.105, NULL, NULL, 794.154, '2012-01-13', 362, b'1'),
(2634, 6, 23.6, 0.126, NULL, NULL, 952.984, '1978-02-18', 363, b'1'),
(2635, 0, 21, 15, NULL, NULL, 4503.519, '2017-01-11', 212, NULL),
(2636, 0, 0, 0, NULL, NULL, 0, '2013-07-11', 213, NULL),
(2637, 0, 0, 0, NULL, NULL, 0, '2005-11-19', 214, NULL),
(2638, 0, 0, 0, NULL, NULL, 0, '2000-07-10', 215, NULL),
(2639, 0, 0, 0, NULL, NULL, 0, '1988-04-20', 216, NULL),
(2640, 0, 0, 0, NULL, NULL, 0, '1999-01-09', 218, NULL),
(2641, 0, 0, 0, NULL, NULL, 0, '2014-12-08', 219, NULL),
(2642, 0, 0, 0, NULL, NULL, 0, '1978-04-08', 220, NULL),
(2643, 0, 0, 0, NULL, NULL, 0, '1990-07-15', 221, NULL),
(2644, 0, 0, 0, NULL, NULL, 0, '1993-04-03', 222, NULL),
(2645, 0, 0, 0, NULL, NULL, 0, '2012-01-08', 223, NULL),
(2646, 0, 0, 0, NULL, NULL, 0, '2003-08-01', 224, NULL),
(2647, 0, 0, 0, NULL, NULL, 0, '1997-07-27', 225, NULL),
(2648, 0, 0, 0, NULL, NULL, 0, '2009-07-22', 226, NULL),
(2649, 0, 0, 0, NULL, NULL, 0, '1997-01-04', 227, NULL),
(2650, 0, 0, 0, NULL, NULL, 0, '2002-09-02', 228, NULL),
(2651, 0, 0, 0, NULL, NULL, 0, '1988-07-30', 229, NULL),
(2652, 0, 0, 0, NULL, NULL, 0, '1994-03-10', 230, NULL),
(2653, 0, 0, 0, NULL, NULL, 0, '1976-10-09', 231, NULL),
(2654, 0, 0, 0, NULL, NULL, 0, '2010-08-07', 232, NULL),
(2655, 0, 0, 0, NULL, NULL, 0, '2012-09-12', 233, NULL),
(2656, 0, 0, 0, NULL, NULL, 0, '1987-02-22', 234, NULL),
(2657, 0, 0, 0, NULL, NULL, 0, '1973-03-30', 235, NULL),
(2658, 0, 0, 0, NULL, NULL, 0, '1985-04-20', 236, NULL),
(2659, 0, 0, 0, NULL, NULL, 0, '1988-11-14', 237, NULL),
(2660, 0, 0, 0, NULL, NULL, 0, '1975-07-06', 238, NULL),
(2661, 0, 0, 0, NULL, NULL, 0, '1971-10-02', 239, NULL),
(2662, 0, 0, 0, NULL, NULL, 0, '1990-08-08', 240, NULL),
(2663, 0, 0, 0, NULL, NULL, 0, '2013-07-28', 241, NULL),
(2664, 0, 0, 0, NULL, NULL, 0, '1999-06-29', 242, NULL),
(2665, 0, 0, 0, NULL, NULL, 0, '1985-05-13', 243, NULL),
(2666, 0, 0, 0, NULL, NULL, 0, '2010-08-07', 244, NULL),
(2667, 0, 0, 0, NULL, NULL, 0, '1992-11-29', 245, NULL),
(2668, 0, 0, 0, NULL, NULL, 0, '1976-03-10', 246, NULL),
(2669, 0, 0, 0, NULL, NULL, 0, '1997-05-18', 247, NULL),
(2670, 0, 0, 0, NULL, NULL, 0, '2002-12-02', 248, NULL),
(2671, 0, 0, 0, NULL, NULL, 0, '2012-06-30', 249, NULL),
(2672, 0, 0, 0, NULL, NULL, 0, '1996-06-25', 250, NULL),
(2673, 0, 0, 0, NULL, NULL, 0, '1975-06-05', 251, NULL),
(2674, 0, 0, 0, NULL, NULL, 0, '2014-12-07', 252, NULL),
(2675, 0, 21, 15, NULL, NULL, 4503.519, '1997-03-26', 152, NULL),
(2676, 0, 0, 0, NULL, NULL, 0, '1992-04-22', 166, NULL),
(2677, 0, 0, 0, NULL, NULL, 0, '1975-08-02', 167, NULL),
(2678, 0, 0, 0, NULL, NULL, 0, '2003-04-17', 168, NULL),
(2679, 0, 0, 0, NULL, NULL, 0, '1985-06-23', 169, NULL),
(2680, 0, 0, 0, NULL, NULL, 0, '1973-09-02', 172, NULL),
(2681, 0, 0, 0, NULL, NULL, 0, '1974-06-21', 173, NULL),
(2682, 0, 0, 0, NULL, NULL, 0, '1993-03-25', 174, NULL),
(2683, 0, 0, 0, NULL, NULL, 0, '1995-07-21', 175, NULL),
(2684, 0, 0, 0, NULL, NULL, 0, '2011-08-04', 176, NULL),
(2685, 0, 0, 0, NULL, NULL, 0, '2007-06-22', 177, NULL),
(2686, 0, 0, 0, NULL, NULL, 0, '1995-11-11', 178, NULL),
(2687, 0, 0, 0, NULL, NULL, 0, '2017-08-19', 179, NULL),
(2688, 0, 0, 0, NULL, NULL, 0, '1990-12-07', 180, NULL),
(2689, 0, 0, 0, NULL, NULL, 0, '1971-03-18', 181, NULL),
(2690, 0, 0, 0, NULL, NULL, 0, '2007-05-16', 182, NULL),
(2691, 0, 0, 0, NULL, NULL, 0, '1990-02-25', 183, NULL),
(2692, 0, 0, 0, NULL, NULL, 0, '1985-10-26', 184, NULL),
(2693, 0, 0, 0, NULL, NULL, 0, '2011-02-08', 185, NULL),
(2694, 0, 0, 0, NULL, NULL, 0, '2013-07-06', 186, NULL),
(2695, 0, 0, 0, NULL, NULL, 0, '1983-04-18', 187, NULL),
(2696, 0, 0, 0, NULL, NULL, 0, '1975-06-11', 188, NULL),
(2697, 0, 0, 0, NULL, NULL, 0, '2016-12-10', 189, NULL),
(2698, 0, 0, 0, NULL, NULL, 0, '1984-08-31', 190, NULL),
(2699, 0, 0, 0, NULL, NULL, 0, '2005-08-24', 191, NULL),
(2700, 0, 0, 0, NULL, NULL, 0, '2011-06-20', 192, NULL),
(2701, 0, 0, 0, NULL, NULL, 0, '1974-05-08', 193, NULL),
(2702, 0, 0, 0, NULL, NULL, 0, '2006-07-23', 194, NULL),
(2703, 0, 21, 15, NULL, NULL, 4503.519, '1970-03-23', 195, NULL),
(2704, 0, 0, 0, NULL, NULL, 0, '1982-11-26', 196, NULL),
(2705, 0, 0, 0, NULL, NULL, 0, '1990-05-05', 197, NULL),
(2706, 0, 0, 0, NULL, NULL, 0, '2004-12-18', 198, NULL),
(2707, 0, 0, 0, NULL, NULL, 0, '1979-09-24', 199, NULL),
(2708, 0, 0, 0, NULL, NULL, 0, '1988-04-05', 200, NULL),
(2709, 0, 0, 0, NULL, NULL, 0, '2017-06-12', 201, NULL),
(2710, 0, 0, 0, NULL, NULL, 0, '1981-08-04', 202, NULL),
(2711, 0, 0, 0, NULL, NULL, 0, '1999-09-28', 203, NULL),
(2712, 0, 0, 0, NULL, NULL, 0, '1994-01-12', 204, NULL),
(2713, 0, 0, 0, NULL, NULL, 0, '2004-06-23', 205, NULL),
(2714, 0, 0, 0, NULL, NULL, 0, '1997-01-30', 206, NULL),
(2715, 0, 0, 0, NULL, NULL, 0, '1990-07-16', 207, NULL),
(2716, 0, 0, 0, NULL, NULL, 0, '2001-08-08', 208, NULL),
(2717, 0, 0, 0, NULL, NULL, 0, '1985-07-19', 209, NULL),
(2718, 0, 0, 0, NULL, NULL, 0, '1999-11-16', 210, NULL),
(2719, 0, 0, 0, NULL, NULL, 0, '1993-02-14', 211, NULL),
(2720, 0, 7, 5, NULL, NULL, 1501.173, '1980-08-31', 140, NULL),
(2721, 0, 0, 0, NULL, NULL, 0, '1997-09-24', 163, NULL),
(2722, 0, 0, 0, NULL, NULL, 0, '1989-11-24', 164, NULL),
(2723, 0, 0, 0, NULL, NULL, 0, '2003-11-13', 165, NULL),
(2724, 0, 7, 5, NULL, NULL, 1501.173, '2011-05-23', 256, NULL),
(2725, 0, 7, 5, NULL, NULL, 1501.173, '1987-05-29', 264, NULL),
(2726, 0, 0, 0, NULL, NULL, 0, '1996-09-19', 265, NULL),
(2727, 0, 0, 0, NULL, NULL, 0, '1994-10-12', 266, NULL),
(2728, 0, 0, 0, NULL, NULL, 0, '1983-01-23', 267, NULL),
(2729, 0, 0, 0, NULL, NULL, 0, '1975-04-08', 268, NULL),
(2730, 0, 0, 0, NULL, NULL, 0, '1991-10-13', 269, NULL),
(2731, 0, 0, 0, NULL, NULL, 0, '1998-12-15', 270, NULL),
(2732, 0, 0, 0, NULL, NULL, 0, '1971-04-25', 271, NULL),
(2733, 0, 0, 0, NULL, NULL, 0, '1981-05-24', 272, NULL),
(2734, 0, 0, 0, NULL, NULL, 0, '1977-09-26', 273, NULL),
(2735, 0, 0, 0, NULL, NULL, 0, '2013-08-25', 274, NULL),
(2736, 0, 0, 0, NULL, NULL, 0, '1995-04-01', 275, NULL),
(2737, 0, 0, 0, NULL, NULL, 0, '1992-08-07', 276, NULL),
(2738, 0, 0, 0, NULL, NULL, 0, '1993-11-05', 277, NULL),
(2739, 0, 0, 0, NULL, NULL, 0, '1998-01-05', 278, NULL),
(2740, 0, 0, 0, NULL, NULL, 0, '1977-11-28', 279, NULL),
(2741, 0, 0, 0, NULL, NULL, 0, '1994-04-16', 280, NULL),
(2742, 0, 0, 0, NULL, NULL, 0, '2006-03-10', 281, NULL),
(2743, 0, 7, 5, NULL, NULL, 1501.173, '1973-03-07', 314, NULL),
(2744, 0, 7, 5, NULL, NULL, 1501.173, '1983-11-01', 308, NULL),
(2745, 0, 0, 0, NULL, NULL, 0, '1972-06-01', 309, NULL),
(2746, 0, 7, 5, NULL, NULL, 1501.173, '2009-08-02', 217, NULL),
(2747, 0, 0, 0, NULL, NULL, 0, '1999-09-12', 282, NULL),
(2748, 0, 0, 0, NULL, NULL, 0, '2002-02-03', 283, NULL),
(2749, 0, 0, 0, NULL, NULL, 0, '2011-12-18', 284, NULL),
(2750, 0, 0, 0, NULL, NULL, 0, '1971-12-26', 285, NULL),
(2751, 0, 0, 0, NULL, NULL, 0, '2007-11-23', 286, NULL),
(2752, 0, 0, 0, NULL, NULL, 0, '2007-01-06', 287, NULL),
(2753, 0, 0, 0, NULL, NULL, 0, '2013-09-21', 288, NULL),
(2754, 0, 0, 0, NULL, NULL, 0, '2011-04-09', 289, NULL),
(2755, 0, 0, 0, NULL, NULL, 0, '1996-11-26', 290, NULL),
(2756, 0, 0, 0, NULL, NULL, 0, '2003-11-26', 291, NULL),
(2757, 0, 0, 0, NULL, NULL, 0, '1997-12-08', 292, NULL),
(2758, 0, 0, 0, NULL, NULL, 0, '2003-10-12', 293, NULL),
(2759, 0, 0, 0, NULL, NULL, 0, '1982-04-15', 294, NULL),
(2760, 0, 0, 0, NULL, NULL, 0, '1978-06-10', 295, NULL),
(2761, 0, 0, 0, NULL, NULL, 0, '1988-04-21', 296, NULL),
(2762, 0, 0, 0, NULL, NULL, 0, '1996-08-24', 297, NULL),
(2763, 0, 0, 0, NULL, NULL, 0, '1993-12-16', 298, NULL),
(2764, 0, 0, 0, NULL, NULL, 0, '1994-07-20', 299, NULL),
(2765, 0, 0, 0, NULL, NULL, 0, '2011-07-13', 300, NULL),
(2766, 0, 0, 0, NULL, NULL, 0, '2008-10-24', 301, NULL),
(2767, 0, 0, 0, NULL, NULL, 0, '1991-07-29', 302, NULL),
(2768, 0, 0, 0, NULL, NULL, 0, '1977-02-05', 303, NULL),
(2769, 0, 0, 0, NULL, NULL, 0, '1995-08-21', 304, NULL),
(2770, 0, 0, 0, NULL, NULL, 0, '2005-09-29', 305, NULL),
(2771, 0, 0, 0, NULL, NULL, 0, '2003-10-31', 306, NULL),
(2772, 0, 7, 5, NULL, NULL, 1501.173, '2000-03-19', 307, NULL),
(2773, 0, 7, 5, NULL, NULL, 1501.173, '1982-03-28', 253, NULL),
(2774, 0, 0, 0, NULL, NULL, 0, '1989-01-27', 254, NULL),
(2775, 0, 0, 0, NULL, NULL, 0, '2016-08-29', 255, NULL),
(2776, 0, 0, 0, NULL, NULL, 0, '1975-01-11', 260, NULL),
(2777, 0, 14, 10, NULL, NULL, 3002.346, '1994-01-21', 104, NULL),
(2778, 0, 0, 0, NULL, NULL, 0, '1988-12-03', 105, NULL),
(2779, 0, 0, 0, NULL, NULL, 0, '1992-12-29', 106, NULL),
(2780, 0, 0, 0, NULL, NULL, 0, '1978-07-09', 107, NULL),
(2781, 0, 0, 0, NULL, NULL, 0, '2004-10-28', 108, NULL),
(2782, 0, 0, 0, NULL, NULL, 0, '1983-01-07', 109, NULL),
(2783, 0, 0, 0, NULL, NULL, 0, '1975-09-15', 110, NULL),
(2784, 0, 0, 0, NULL, NULL, 0, '2013-05-01', 111, NULL),
(2785, 0, 0, 0, NULL, NULL, 0, '2007-04-11', 112, NULL),
(2786, 0, 0, 0, NULL, NULL, 0, '2007-10-23', 113, NULL),
(2787, 0, 0, 0, NULL, NULL, 0, '1973-02-19', 114, NULL),
(2788, 0, 0, 0, NULL, NULL, 0, '1997-01-08', 115, NULL),
(2789, 0, 0, 0, NULL, NULL, 0, '2015-02-02', 116, NULL),
(2790, 0, 0, 0, NULL, NULL, 0, '1994-10-31', 117, NULL),
(2791, 0, 0, 0, NULL, NULL, 0, '1997-09-19', 118, NULL),
(2792, 0, 0, 0, NULL, NULL, 0, '2013-11-30', 119, NULL),
(2793, 0, 0, 0, NULL, NULL, 0, '2006-10-30', 120, NULL),
(2794, 0, 0, 0, NULL, NULL, 0, '1972-09-15', 121, NULL),
(2795, 0, 0, 0, NULL, NULL, 0, '1994-04-24', 122, NULL),
(2796, 0, 0, 0, NULL, NULL, 0, '1979-10-10', 123, NULL),
(2797, 0, 0, 0, NULL, NULL, 0, '1989-12-04', 124, NULL),
(2798, 0, 0, 0, NULL, NULL, 0, '2016-09-21', 125, NULL),
(2799, 0, 0, 0, NULL, NULL, 0, '1988-09-24', 126, NULL),
(2800, 0, 0, 0, NULL, NULL, 0, '2000-05-11', 127, NULL),
(2801, 0, 0, 0, NULL, NULL, 0, '1970-04-10', 128, NULL),
(2802, 0, 0, 0, NULL, NULL, 0, '1983-08-15', 129, NULL),
(2803, 0, 0, 0, NULL, NULL, 0, '1972-07-02', 130, NULL),
(2804, 0, 0, 0, NULL, NULL, 0, '1985-09-28', 131, NULL),
(2805, 0, 0, 0, NULL, NULL, 0, '2004-07-23', 132, NULL),
(2806, 0, 0, 0, NULL, NULL, 0, '1972-11-30', 133, NULL),
(2807, 0, 0, 0, NULL, NULL, 0, '1993-01-19', 134, NULL),
(2808, 0, 0, 0, NULL, NULL, 0, '1994-03-15', 135, NULL),
(2809, 0, 0, 0, NULL, NULL, 0, '1974-01-01', 136, NULL),
(2810, 0, 0, 0, NULL, NULL, 0, '1987-09-30', 137, NULL),
(2811, 0, 0, 0, NULL, NULL, 0, '1986-02-14', 138, NULL),
(2812, 0, 0, 0, NULL, NULL, 0, '2004-09-18', 139, NULL),
(2813, 0, 0, 0, NULL, NULL, 0, '1986-10-03', 141, NULL),
(2814, 0, 0, 0, NULL, NULL, 0, '1995-07-17', 142, NULL),
(2815, 0, 0, 0, NULL, NULL, 0, '1978-07-10', 143, NULL),
(2816, 0, 0, 0, NULL, NULL, 0, '1979-04-25', 144, NULL),
(2817, 0, 0, 0, NULL, NULL, 0, '1982-03-14', 145, NULL),
(2818, 0, 0, 0, NULL, NULL, 0, '1985-06-26', 146, NULL),
(2819, 0, 0, 0, NULL, NULL, 0, '1999-01-28', 147, NULL),
(2820, 0, 0, 0, NULL, NULL, 0, '2010-09-17', 148, NULL),
(2821, 0, 0, 0, NULL, NULL, 0, '2001-03-08', 149, NULL),
(2822, 0, 0, 0, NULL, NULL, 0, '2002-03-16', 150, NULL),
(2823, 0, 0, 0, NULL, NULL, 0, '1972-09-10', 151, NULL),
(2824, 0, 0, 0, NULL, NULL, 0, '2015-01-08', 153, NULL),
(2825, 0, 0, 0, NULL, NULL, 0, '2015-01-08', 154, NULL),
(2826, 0, 0, 0, NULL, NULL, 0, '1984-06-03', 155, NULL),
(2827, 0, 0, 0, NULL, NULL, 0, '2006-07-20', 156, NULL),
(2828, 0, 0, 0, NULL, NULL, 0, '1988-03-19', 157, NULL),
(2829, 0, 0, 0, NULL, NULL, 0, '2005-04-05', 158, NULL),
(2830, 0, 0, 0, NULL, NULL, 0, '2015-09-12', 159, NULL),
(2831, 0, 0, 0, NULL, NULL, 0, '2003-10-01', 160, NULL),
(2832, 0, 0, 0, NULL, NULL, 0, '1985-09-12', 161, NULL),
(2833, 0, 0, 0, NULL, NULL, 0, '2006-09-05', 162, NULL),
(2834, 0, 7, 5, NULL, NULL, 1501.173, '1975-03-24', 310, NULL),
(2835, 0, 0, 0, NULL, NULL, 0, '2015-10-30', 311, NULL),
(2836, 0, 0, 0, NULL, NULL, 0, '1979-04-13', 312, NULL),
(2837, 0, 21, 15, NULL, NULL, 4503.519, '1990-10-13', 212, b'1'),
(2838, 0, 0, 0, NULL, NULL, 0, '1978-07-11', 213, b'1'),
(2839, 0, 0, 0, NULL, NULL, 0, '1985-01-06', 214, b'1'),
(2840, 0, 0, 0, NULL, NULL, 0, '1980-04-18', 215, b'1'),
(2841, 0, 0, 0, NULL, NULL, 0, '1972-12-14', 216, b'1'),
(2842, 0, 0, 0, NULL, NULL, 0, '2000-10-09', 218, b'1'),
(2843, 0, 0, 0, NULL, NULL, 0, '1978-12-24', 219, b'1'),
(2844, 0, 0, 0, NULL, NULL, 0, '1976-03-21', 220, b'1'),
(2845, 0, 0, 0, NULL, NULL, 0, '1970-05-19', 221, b'1'),
(2846, 0, 0, 0, NULL, NULL, 0, '1995-07-23', 222, b'1'),
(2847, 0, 0, 0, NULL, NULL, 0, '1991-12-29', 223, b'1'),
(2848, 0, 0, 0, NULL, NULL, 0, '1976-11-17', 224, b'1'),
(2849, 0, 0, 0, NULL, NULL, 0, '2013-12-02', 225, b'1'),
(2850, 0, 0, 0, NULL, NULL, 0, '1989-05-30', 226, b'1'),
(2851, 0, 0, 0, NULL, NULL, 0, '1973-06-23', 227, b'1'),
(2852, 0, 0, 0, NULL, NULL, 0, '1997-12-30', 228, b'1'),
(2853, 0, 0, 0, NULL, NULL, 0, '2008-02-15', 229, b'1'),
(2854, 0, 0, 0, NULL, NULL, 0, '1977-10-23', 230, b'1'),
(2855, 0, 0, 0, NULL, NULL, 0, '2010-06-20', 231, b'1'),
(2856, 0, 0, 0, NULL, NULL, 0, '1981-10-04', 232, b'1'),
(2857, 0, 0, 0, NULL, NULL, 0, '1998-06-02', 233, b'1'),
(2858, 0, 0, 0, NULL, NULL, 0, '1970-03-06', 234, b'1'),
(2859, 0, 0, 0, NULL, NULL, 0, '1981-06-22', 235, b'1'),
(2860, 0, 0, 0, NULL, NULL, 0, '1976-06-16', 236, b'1'),
(2861, 0, 0, 0, NULL, NULL, 0, '1979-10-13', 237, b'1'),
(2862, 0, 0, 0, NULL, NULL, 0, '2009-10-07', 238, b'1'),
(2863, 0, 0, 0, NULL, NULL, 0, '1996-07-25', 239, b'1'),
(2864, 0, 0, 0, NULL, NULL, 0, '1984-02-19', 240, b'1'),
(2865, 0, 0, 0, NULL, NULL, 0, '1976-07-18', 241, b'1'),
(2866, 0, 0, 0, NULL, NULL, 0, '1983-04-24', 242, b'1'),
(2867, 0, 0, 0, NULL, NULL, 0, '2013-05-18', 243, b'1'),
(2868, 0, 0, 0, NULL, NULL, 0, '2001-09-29', 244, b'1'),
(2869, 0, 0, 0, NULL, NULL, 0, '1972-09-13', 245, b'1'),
(2870, 0, 0, 0, NULL, NULL, 0, '1983-03-13', 246, b'1'),
(2871, 0, 0, 0, NULL, NULL, 0, '1990-01-08', 247, b'1'),
(2872, 0, 0, 0, NULL, NULL, 0, '1977-08-11', 248, b'1'),
(2873, 0, 0, 0, NULL, NULL, 0, '2006-06-10', 249, b'1'),
(2874, 0, 0, 0, NULL, NULL, 0, '1973-08-18', 250, b'1'),
(2875, 0, 0, 0, NULL, NULL, 0, '1999-09-07', 251, b'1'),
(2876, 0, 0, 0, NULL, NULL, 0, '1992-09-03', 252, b'1'),
(2877, 0, 21, 15, NULL, NULL, 4503.519, '2004-03-16', 152, b'1'),
(2878, 0, 0, 0, NULL, NULL, 0, '1989-10-17', 166, b'1'),
(2879, 0, 0, 0, NULL, NULL, 0, '1999-04-01', 167, b'1'),
(2880, 0, 0, 0, NULL, NULL, 0, '2007-07-04', 168, b'1'),
(2881, 0, 0, 0, NULL, NULL, 0, '2007-03-01', 169, b'1'),
(2882, 0, 0, 0, NULL, NULL, 0, '1998-02-14', 172, b'1'),
(2883, 0, 0, 0, NULL, NULL, 0, '1980-06-07', 173, b'1'),
(2884, 0, 0, 0, NULL, NULL, 0, '2005-08-13', 174, b'1'),
(2885, 0, 0, 0, NULL, NULL, 0, '1970-03-22', 175, b'1'),
(2886, 0, 0, 0, NULL, NULL, 0, '1971-09-09', 176, b'1'),
(2887, 0, 0, 0, NULL, NULL, 0, '2015-01-30', 177, b'1'),
(2888, 0, 0, 0, NULL, NULL, 0, '1970-07-07', 178, b'1'),
(2889, 0, 0, 0, NULL, NULL, 0, '1982-03-16', 179, b'1'),
(2890, 0, 0, 0, NULL, NULL, 0, '2007-07-09', 180, b'1'),
(2891, 0, 0, 0, NULL, NULL, 0, '2003-09-29', 181, b'1'),
(2892, 0, 0, 0, NULL, NULL, 0, '2011-01-13', 182, b'1'),
(2893, 0, 0, 0, NULL, NULL, 0, '2010-12-04', 183, b'1'),
(2894, 0, 0, 0, NULL, NULL, 0, '2010-08-28', 184, b'1'),
(2895, 0, 0, 0, NULL, NULL, 0, '1970-11-06', 185, b'1'),
(2896, 0, 0, 0, NULL, NULL, 0, '2010-08-27', 186, b'1'),
(2897, 0, 0, 0, NULL, NULL, 0, '2005-10-22', 187, b'1'),
(2898, 0, 0, 0, NULL, NULL, 0, '1973-01-08', 188, b'1'),
(2899, 0, 0, 0, NULL, NULL, 0, '1999-03-08', 189, b'1'),
(2900, 0, 0, 0, NULL, NULL, 0, '1993-07-19', 190, b'1'),
(2901, 0, 0, 0, NULL, NULL, 0, '2010-10-27', 191, b'1'),
(2902, 0, 0, 0, NULL, NULL, 0, '1998-04-12', 192, b'1'),
(2903, 0, 0, 0, NULL, NULL, 0, '1986-03-03', 193, b'1'),
(2904, 0, 0, 0, NULL, NULL, 0, '2007-06-16', 194, b'1'),
(2905, 0, 21, 15, NULL, NULL, 4503.519, '1994-01-10', 195, b'1'),
(2906, 0, 0, 0, NULL, NULL, 0, '2003-07-16', 196, b'1'),
(2907, 0, 0, 0, NULL, NULL, 0, '2004-03-13', 197, b'1'),
(2908, 0, 0, 0, NULL, NULL, 0, '2004-08-13', 198, b'1'),
(2909, 0, 0, 0, NULL, NULL, 0, '1979-09-18', 199, b'1'),
(2910, 0, 0, 0, NULL, NULL, 0, '1987-08-19', 200, b'1'),
(2911, 0, 0, 0, NULL, NULL, 0, '1983-09-15', 201, b'1'),
(2912, 0, 0, 0, NULL, NULL, 0, '1979-07-04', 202, b'1'),
(2913, 0, 0, 0, NULL, NULL, 0, '2017-02-03', 203, b'1'),
(2914, 0, 0, 0, NULL, NULL, 0, '2003-08-04', 204, b'1'),
(2915, 0, 0, 0, NULL, NULL, 0, '1990-01-27', 205, b'1'),
(2916, 0, 0, 0, NULL, NULL, 0, '2006-04-28', 206, b'1'),
(2917, 0, 0, 0, NULL, NULL, 0, '1999-07-19', 207, b'1'),
(2918, 0, 0, 0, NULL, NULL, 0, '2011-05-23', 208, b'1'),
(2919, 0, 0, 0, NULL, NULL, 0, '1997-04-11', 209, b'1'),
(2920, 0, 0, 0, NULL, NULL, 0, '1997-04-21', 210, b'1'),
(2921, 0, 0, 0, NULL, NULL, 0, '1999-03-28', 211, b'1'),
(2922, 0, 7, 5, NULL, NULL, 1501.173, '1980-03-07', 140, b'1'),
(2923, 0, 0, 0, NULL, NULL, 0, '2002-06-10', 163, b'1'),
(2924, 0, 0, 0, NULL, NULL, 0, '1982-04-25', 164, b'1'),
(2925, 0, 0, 0, NULL, NULL, 0, '2014-08-01', 165, b'1'),
(2926, 0, 7, 5, NULL, NULL, 1501.173, '1987-06-03', 256, b'1'),
(2927, 0, 7, 5, NULL, NULL, 1501.173, '1992-07-20', 264, b'1'),
(2928, 0, 0, 0, NULL, NULL, 0, '1970-07-15', 265, b'1'),
(2929, 0, 0, 0, NULL, NULL, 0, '2016-12-09', 266, b'1'),
(2930, 0, 0, 0, NULL, NULL, 0, '2010-03-08', 267, b'1'),
(2931, 0, 0, 0, NULL, NULL, 0, '1976-02-04', 268, b'1'),
(2932, 0, 0, 0, NULL, NULL, 0, '1983-01-05', 269, b'1'),
(2933, 0, 0, 0, NULL, NULL, 0, '1989-07-08', 270, b'1'),
(2934, 0, 0, 0, NULL, NULL, 0, '2002-08-10', 271, b'1'),
(2935, 0, 0, 0, NULL, NULL, 0, '2016-08-03', 272, b'1'),
(2936, 0, 0, 0, NULL, NULL, 0, '2013-05-20', 273, b'1'),
(2937, 0, 0, 0, NULL, NULL, 0, '1974-03-24', 274, b'1'),
(2938, 0, 0, 0, NULL, NULL, 0, '2006-02-04', 275, b'1'),
(2939, 0, 0, 0, NULL, NULL, 0, '1984-12-24', 276, b'1'),
(2940, 0, 0, 0, NULL, NULL, 0, '2004-12-30', 277, b'1'),
(2941, 0, 0, 0, NULL, NULL, 0, '2007-05-14', 278, b'1'),
(2942, 0, 0, 0, NULL, NULL, 0, '2002-01-15', 279, b'1'),
(2943, 0, 0, 0, NULL, NULL, 0, '1994-06-02', 280, b'1'),
(2944, 0, 0, 0, NULL, NULL, 0, '2000-04-18', 281, b'1'),
(2945, 0, 7, 5, NULL, NULL, 1501.173, '1977-01-24', 314, b'1'),
(2946, 0, 7, 5, NULL, NULL, 1501.173, '2011-02-09', 308, b'1'),
(2947, 0, 0, 0, NULL, NULL, 0, '2001-03-23', 309, b'1'),
(2948, 0, 7, 5, NULL, NULL, 1501.173, '2003-12-22', 217, b'1'),
(2949, 0, 0, 0, NULL, NULL, 0, '2005-05-07', 282, b'1'),
(2950, 0, 0, 0, NULL, NULL, 0, '1999-10-17', 283, b'1'),
(2951, 0, 0, 0, NULL, NULL, 0, '1999-03-01', 284, b'1'),
(2952, 0, 0, 0, NULL, NULL, 0, '2002-12-30', 285, b'1'),
(2953, 0, 0, 0, NULL, NULL, 0, '2017-08-08', 286, b'1'),
(2954, 0, 0, 0, NULL, NULL, 0, '1984-10-24', 287, b'1'),
(2955, 0, 0, 0, NULL, NULL, 0, '1983-02-26', 288, b'1'),
(2956, 0, 0, 0, NULL, NULL, 0, '1977-04-13', 289, b'1'),
(2957, 0, 0, 0, NULL, NULL, 0, '1996-06-11', 290, b'1'),
(2958, 0, 0, 0, NULL, NULL, 0, '1987-11-18', 291, b'1'),
(2959, 0, 0, 0, NULL, NULL, 0, '2007-08-29', 292, b'1'),
(2960, 0, 0, 0, NULL, NULL, 0, '1976-01-31', 293, b'1'),
(2961, 0, 0, 0, NULL, NULL, 0, '2017-06-28', 294, b'1'),
(2962, 0, 0, 0, NULL, NULL, 0, '2002-05-09', 295, b'1'),
(2963, 0, 0, 0, NULL, NULL, 0, '1989-07-17', 296, b'1'),
(2964, 0, 0, 0, NULL, NULL, 0, '2001-06-09', 297, b'1'),
(2965, 0, 0, 0, NULL, NULL, 0, '1982-03-23', 298, b'1'),
(2966, 0, 0, 0, NULL, NULL, 0, '1998-06-24', 299, b'1'),
(2967, 0, 0, 0, NULL, NULL, 0, '2000-02-19', 300, b'1'),
(2968, 0, 0, 0, NULL, NULL, 0, '2007-03-07', 301, b'1'),
(2969, 0, 0, 0, NULL, NULL, 0, '2015-02-28', 302, b'1'),
(2970, 0, 0, 0, NULL, NULL, 0, '1980-01-21', 303, b'1'),
(2971, 0, 0, 0, NULL, NULL, 0, '2016-10-30', 304, b'1'),
(2972, 0, 0, 0, NULL, NULL, 0, '1990-12-08', 305, b'1'),
(2973, 0, 0, 0, NULL, NULL, 0, '2010-12-28', 306, b'1'),
(2974, 0, 7, 5, NULL, NULL, 1501.173, '2007-11-19', 307, b'1'),
(2975, 0, 7, 5, NULL, NULL, 1501.173, '1993-02-18', 253, b'1'),
(2976, 0, 0, 0, NULL, NULL, 0, '1985-06-07', 254, b'1'),
(2977, 0, 0, 0, NULL, NULL, 0, '2006-07-31', 255, b'1'),
(2978, 0, 0, 0, NULL, NULL, 0, '2010-06-25', 260, b'1'),
(2979, 0, 14, 10, NULL, NULL, 3002.346, '2003-02-02', 104, b'1'),
(2980, 0, 0, 0, NULL, NULL, 0, '1984-08-11', 105, b'1'),
(2981, 0, 0, 0, NULL, NULL, 0, '1998-10-16', 106, b'1'),
(2982, 0, 0, 0, NULL, NULL, 0, '1984-12-21', 107, b'1'),
(2983, 0, 0, 0, NULL, NULL, 0, '1987-09-04', 108, b'1'),
(2984, 0, 0, 0, NULL, NULL, 0, '1977-06-04', 109, b'1'),
(2985, 0, 0, 0, NULL, NULL, 0, '1976-08-25', 110, b'1'),
(2986, 0, 0, 0, NULL, NULL, 0, '1986-11-01', 111, b'1'),
(2987, 0, 0, 0, NULL, NULL, 0, '1981-01-09', 112, b'1'),
(2988, 0, 0, 0, NULL, NULL, 0, '1983-12-20', 113, b'1'),
(2989, 0, 0, 0, NULL, NULL, 0, '2011-07-30', 114, b'1'),
(2990, 0, 0, 0, NULL, NULL, 0, '1984-04-30', 115, b'1'),
(2991, 0, 0, 0, NULL, NULL, 0, '2004-07-29', 116, b'1'),
(2992, 0, 0, 0, NULL, NULL, 0, '2010-04-02', 117, b'1'),
(2993, 0, 0, 0, NULL, NULL, 0, '1983-11-13', 118, b'1'),
(2994, 0, 0, 0, NULL, NULL, 0, '1992-02-04', 119, b'1'),
(2995, 0, 0, 0, NULL, NULL, 0, '2004-04-15', 120, b'1'),
(2996, 0, 0, 0, NULL, NULL, 0, '2016-04-12', 121, b'1'),
(2997, 0, 0, 0, NULL, NULL, 0, '1997-05-31', 122, b'1'),
(2998, 0, 0, 0, NULL, NULL, 0, '1995-06-15', 123, b'1'),
(2999, 0, 0, 0, NULL, NULL, 0, '1971-12-24', 124, b'1'),
(3000, 0, 0, 0, NULL, NULL, 0, '2006-08-03', 125, b'1'),
(3001, 0, 0, 0, NULL, NULL, 0, '2014-05-20', 126, b'1'),
(3002, 0, 0, 0, NULL, NULL, 0, '1996-01-17', 127, b'1'),
(3003, 0, 0, 0, NULL, NULL, 0, '1989-08-22', 128, b'1'),
(3004, 0, 0, 0, NULL, NULL, 0, '2005-04-03', 129, b'1'),
(3005, 0, 0, 0, NULL, NULL, 0, '2004-07-05', 130, b'1'),
(3006, 0, 0, 0, NULL, NULL, 0, '2005-08-15', 131, b'1'),
(3007, 0, 0, 0, NULL, NULL, 0, '2017-04-20', 132, b'1'),
(3008, 0, 0, 0, NULL, NULL, 0, '2004-02-21', 133, b'1'),
(3009, 0, 0, 0, NULL, NULL, 0, '1987-11-06', 134, b'1'),
(3010, 0, 0, 0, NULL, NULL, 0, '2000-07-18', 135, b'1'),
(3011, 0, 0, 0, NULL, NULL, 0, '1989-04-04', 136, b'1'),
(3012, 0, 0, 0, NULL, NULL, 0, '1973-02-07', 137, b'1'),
(3013, 0, 0, 0, NULL, NULL, 0, '1987-10-08', 138, b'1'),
(3014, 0, 0, 0, NULL, NULL, 0, '1989-07-27', 139, b'1'),
(3015, 0, 0, 0, NULL, NULL, 0, '1979-04-17', 141, b'1'),
(3016, 0, 0, 0, NULL, NULL, 0, '1974-09-06', 142, b'1'),
(3017, 0, 0, 0, NULL, NULL, 0, '2004-10-13', 143, b'1'),
(3018, 0, 0, 0, NULL, NULL, 0, '1987-09-11', 144, b'1'),
(3019, 0, 0, 0, NULL, NULL, 0, '1976-03-21', 145, b'1'),
(3020, 0, 0, 0, NULL, NULL, 0, '1975-01-16', 146, b'1'),
(3021, 0, 0, 0, NULL, NULL, 0, '1975-09-25', 147, b'1'),
(3022, 0, 0, 0, NULL, NULL, 0, '1990-05-27', 148, b'1'),
(3023, 0, 0, 0, NULL, NULL, 0, '1988-03-06', 149, b'1'),
(3024, 0, 0, 0, NULL, NULL, 0, '1993-09-16', 150, b'1'),
(3025, 0, 0, 0, NULL, NULL, 0, '2009-02-06', 151, b'1'),
(3026, 0, 0, 0, NULL, NULL, 0, '1981-12-12', 153, b'1'),
(3027, 0, 0, 0, NULL, NULL, 0, '2004-09-23', 154, b'1'),
(3028, 0, 0, 0, NULL, NULL, 0, '2005-04-17', 155, b'1'),
(3029, 0, 0, 0, NULL, NULL, 0, '1970-06-05', 156, b'1'),
(3030, 0, 0, 0, NULL, NULL, 0, '2013-10-26', 157, b'1'),
(3031, 0, 0, 0, NULL, NULL, 0, '2015-06-27', 158, b'1'),
(3032, 0, 0, 0, NULL, NULL, 0, '2002-10-18', 159, b'1'),
(3033, 0, 0, 0, NULL, NULL, 0, '2004-10-28', 160, b'1'),
(3034, 0, 0, 0, NULL, NULL, 0, '1970-11-17', 161, b'1'),
(3035, 0, 0, 0, NULL, NULL, 0, '1974-04-22', 162, b'1'),
(3036, 0, 7, 5, NULL, NULL, 1501.173, '1978-12-14', 310, b'1'),
(3037, 0, 0, 0, NULL, NULL, 0, '1982-01-07', 311, b'1'),
(3038, 0, 0, 0, NULL, NULL, 0, '2011-04-26', 312, b'1');

-- --------------------------------------------------------

--
-- Estructura de tabla para la tabla `contrato`
--

CREATE TABLE `contrato` (
  `idCONTRATO` int(11) NOT NULL,
  `Fech_Emision` date DEFAULT NULL,
  `Fech_Vencimiento` date DEFAULT NULL,
  `Num_Recibo` varchar(20) DEFAULT NULL,
  `Velocidad_Mb` varchar(20) DEFAULT NULL,
  `Importe` double DEFAULT NULL,
  `Img_url` varchar(100) DEFAULT NULL,
  `idEntidad` int(11) NOT NULL,
  `idProveedor` int(11) NOT NULL,
  `Estado` bit(1) DEFAULT NULL,
  `Cod_Contrato` varchar(45) DEFAULT NULL,
  `Descripcion` varchar(100) DEFAULT NULL,
  `Interface` varchar(20) NOT NULL
) ENGINE=InnoDB DEFAULT CHARSET=latin1;

--
-- Volcado de datos para la tabla `contrato`
--

INSERT INTO `contrato` (`idCONTRATO`, `Fech_Emision`, `Fech_Vencimiento`, `Num_Recibo`, `Velocidad_Mb`, `Importe`, `Img_url`, `idEntidad`, `idProveedor`, `Estado`, `Cod_Contrato`, `Descripcion`, `Interface`) VALUES
(1, '2017-01-13', '2018-06-17', 'D00-0584633', '140', 30023.46, '1', 1, 1, NULL, '29094', 'ISP-Telefónica-Feb-2017', ''),
(2, '2017-01-11', '2018-01-04', '0050-142xxxxxxx', '100', 2360, '1', 1, 2, NULL, '00080674', 'ISP-Claro-Agosto-2016', ''),
(3, '2017-06-13', '2017-07-12', '1246466', '150', 4366, '1', 1, 2, NULL, '54657', 'Contrato Tony', ''),
(4, '2017-06-01', '2017-06-30', '13864677', '300', 3186, '1', 1, 4, NULL, '34646', 'INTERNET 300 MB', ''),
(5, '2017-06-01', '2017-06-20', '0001', '0', 0, '1', 2, 5, NULL, '111', 'CONTRATO FIBERLUX', ''),
(6, '2017-01-02', '2017-06-20', '', '100', 7221.6, '1', 2, 5, NULL, '', 'FIBERLUX', ''),
(7, '2017-06-22', '2017-06-22', 'safs', '1241', 145.14, '1', 1, 2, NULL, 'qe23', 'jjjas', ''),
(8, '2017-01-06', '2018-01-06', 'D00-0584633', '140', 30023.46, '1', 7, 1, NULL, '00029094', 'Telefónica', ''),
(9, '2017-01-07', '2018-02-08', '', '100', 7221.6, '1', 7, 5, NULL, '', 'FiberLux', ''),
(10, '2017-01-02', '2018-02-02', '024 – Nro 0001163', '100', 2360, '1', 7, 6, NULL, '--', 'VisionPeru', ''),
(11, '2017-06-01', '2017-12-25', '987123', '10', 1770, '1', 8, 8, NULL, '00001', 'Bitel', ''),
(12, '2017-11-01', '2017-11-15', 'n01', '188', 7591.57, '1', 7, 1, NULL, 'cod01', 'contrato_prueba', '');

-- --------------------------------------------------------

--
-- Estructura de tabla para la tabla `det_contrato`
--

CREATE TABLE `det_contrato` (
  `idDET_CONTRATO` int(11) NOT NULL,
  `Servicio` varchar(50) DEFAULT NULL,
  `CD_Req` varchar(50) DEFAULT NULL,
  `Oficina` varchar(50) DEFAULT NULL,
  `Velocidad` double DEFAULT NULL,
  `Importe` double DEFAULT NULL,
  `idCONTRATO` int(11) NOT NULL
) ENGINE=InnoDB DEFAULT CHARSET=latin1;

--
-- Volcado de datos para la tabla `det_contrato`
--

INSERT INTO `det_contrato` (`idDET_CONTRATO`, `Servicio`, `CD_Req`, `Oficina`, `Velocidad`, `Importe`, `idCONTRATO`) VALUES
(1, 'INFOINTERNET EMPRESARIAL', '0134521', 'CC Central Km 19.5 Ñaña', 140, 25406.56, 1),
(2, 'INFOINTERNET EMPRESARIAL Router', '134522', 'CC Central Km 19.5 Ñaña', 0, 37.05, 1),
(3, 'Servicio de acceso a internet 100Mbps', '53211', 'Av. Jose Carlos Mariategui Lote 58 Urb. Zona A UCV', 100, 2000, 2),
(4, 'servicio de internet', '546977879', 'Lima sn', 150, 3500, 3),
(5, 'arrendamineto de equipo', '14646', 'Lima sn', 0, 200, 3),
(6, 'INTERNET 1:1 300 MB', '4245', '', 300, 2500, 4),
(7, 'Alquiler de equipos', '31464', '', 0, 200, 4),
(8, 'Internet ', '', 'Av. Ricardo Palma 311 of 402 Miraflores', 100, 6120, 6),
(9, 'mlkmml', '2EQR', '124FAF', 1241, 123, 7),
(10, 'Infointernet Empresarial', '0134521', 'CC Central Km 19.5 Ñaña', 140, 25406.56, 8),
(11, 'Instalación de Router', '0134522', 'CC Central Km 19.5 Ñaña', 0, 37.05, 8),
(12, 'Servicio de acceso a internet 100Mbps', '', '', 100, 6120, 9),
(13, 'Servicio de acceso a internet 100Mbps', '--', '--', 100, 2000, 10),
(14, 'internet', '1212', '', 10, 1500, 11),
(15, 'a1', 'cdw', 'ww', 188, 6433.53, 12);

-- --------------------------------------------------------

--
-- Estructura de tabla para la tabla `dispositivo`
--

CREATE TABLE `dispositivo` (
  `idDispositivo` int(11) NOT NULL,
  `Nombre` varchar(40) NOT NULL,
  `Ip` varchar(50) NOT NULL,
  `Puerto` varchar(6) NOT NULL,
  `User` varchar(50) NOT NULL,
  `Password` varchar(50) NOT NULL,
  `Estado` bit(1) NOT NULL
) ENGINE=InnoDB DEFAULT CHARSET=latin1;

--
-- Volcado de datos para la tabla `dispositivo`
--

INSERT INTO `dispositivo` (`idDispositivo`, `Nombre`, `Ip`, `Puerto`, `User`, `Password`, `Estado`) VALUES
(1, 'Desactivado', '', '', '', '', b'1'),
(2, 'Microtik-Rudy', '192.168.137.9', '8728', 'admin', '', b'1'),
(3, 'Microtik-Prueva', '192.168.18.13', '8728', 'admin', 'admin', b'1'),
(4, 'pruebax', '10.100.40.2', '10', 'system-internet', 'system2017', b'1'),
(5, 'pruebas', '192.168.0.1', '10', 'admin', 'wdwea', b'1');

-- --------------------------------------------------------

--
-- Estructura de tabla para la tabla `documentos`
--

CREATE TABLE `documentos` (
  `idDocumentos` int(11) NOT NULL,
  `Fecha` datetime DEFAULT NULL,
  `idUSUARIO` int(11) NOT NULL,
  `idCONTRATO` int(11) NOT NULL,
  `rep_url` varchar(100) DEFAULT NULL,
  `DocPrueba` longblob,
  `Documento` longblob,
  `TypeDocum` varchar(20) DEFAULT NULL,
  `TypePrue` varchar(20) DEFAULT NULL,
  `EstadoDoc` int(11) DEFAULT NULL,
  `Estado` tinyint(1) DEFAULT NULL,
  `Preview` longblob,
  `FechaDesde` date DEFAULT NULL,
  `FechaHasta` date DEFAULT NULL,
  `PreviewSimple` longblob NOT NULL,
  `DocumentoSimple` longblob NOT NULL
) ENGINE=InnoDB DEFAULT CHARSET=latin1;

-- --------------------------------------------------------

--
-- Estructura de tabla para la tabla `entidad`
--

CREATE TABLE `entidad` (
  `idEntidad` int(11) NOT NULL,
  `Nombre` varchar(80) DEFAULT NULL,
  `C_RUC` char(11) DEFAULT NULL,
  `Cod_Servicio` varchar(20) DEFAULT NULL,
  `Dir_FACT` varchar(80) DEFAULT NULL,
  `Descripcion` varchar(100) DEFAULT NULL,
  `Estado` bit(1) DEFAULT NULL
) ENGINE=InnoDB DEFAULT CHARSET=latin1;

--
-- Volcado de datos para la tabla `entidad`
--

INSERT INTO `entidad` (`idEntidad`, `Nombre`, `C_RUC`, `Cod_Servicio`, `Dir_FACT`, `Descripcion`, `Estado`) VALUES
(1, 'UNIVERSIDAD PERUANA UNION', '20138122256', '1003795', 'Av. Balaguer 1800 Lurigancho Chosica – LIMA 15', ' ', b'1'),
(2, 'ATM Redes\n', '737472932', '12423', 'Milarflores sexta parte', 'Av Liquidacion Juan', b'1'),
(3, 'DIGETI', '', '', '', '', b'1'),
(4, 'fgh', 'fg', '', '', 'fgh', b'1'),
(5, 'UNIVERSIDAD PERUANA UNION ', '20138122256', '', '', 'Universidad Adventista del Séptimo dia', b'1'),
(6, 'SHSHS', 'MFLSDGML', 'SGS', 'SDGS', 'KLMK', b'1'),
(7, 'UNIVERSIDAD PERUANA UNIÓN', '20138122256', 'Anexo 2310', 'Rudy Milian', ' Car. Central Km. 19 Villa Union-Nana', b'1'),
(8, 'valentin sac', '87654321', '987654321', 'VALENTIN HERRERA', 'VA.LLSDF', b'1');

-- --------------------------------------------------------

--
-- Estructura de tabla para la tabla `entidad_has_usuario`
--

CREATE TABLE `entidad_has_usuario` (
  `idEntidad_has_Usuario` int(11) NOT NULL,
  `idEntidad` int(11) NOT NULL,
  `idUSUARIO` int(11) NOT NULL,
  `Estado` tinyint(1) DEFAULT NULL
) ENGINE=InnoDB DEFAULT CHARSET=latin1;

--
-- Volcado de datos para la tabla `entidad_has_usuario`
--

INSERT INTO `entidad_has_usuario` (`idEntidad_has_Usuario`, `idEntidad`, `idUSUARIO`, `Estado`) VALUES
(1, 1, 1, 1),
(2, 2, 1, 1),
(3, 1, 2, 1),
(4, 1, 3, 1),
(5, 4, 1, 1),
(6, 5, 1, 1),
(7, 6, 1, 1),
(8, 7, 1, 1),
(9, 8, 1, 1);

-- --------------------------------------------------------

--
-- Estructura de tabla para la tabla `equipo`
--

CREATE TABLE `equipo` (
  `idEquipo` int(11) NOT NULL,
  `Nombre` varchar(45) DEFAULT NULL,
  `Mbps` double DEFAULT NULL
) ENGINE=InnoDB DEFAULT CHARSET=latin1;

-- --------------------------------------------------------

--
-- Estructura de tabla para la tabla `microtik`
--

CREATE TABLE `microtik` (
  `idMicrotik` int(11) NOT NULL,
  `Subida` double DEFAULT NULL,
  `AREA_idSECTOR` int(11) NOT NULL,
  `Bajada` double DEFAULT NULL,
  `Fecha` datetime DEFAULT NULL
) ENGINE=InnoDB DEFAULT CHARSET=latin1;

--
-- Volcado de datos para la tabla `microtik`
--

INSERT INTO `microtik` (`idMicrotik`, `Subida`, `AREA_idSECTOR`, `Bajada`, `Fecha`) VALUES
(1, 5.5433165829146, 212, 6.1347738693467, '2017-06-22 14:00:01'),
(2, 8.6797249853716, 212, 11.562638970158, '2017-06-22 15:00:00'),
(3, 10.647097378277, 212, 11.908785892634, '2017-06-22 16:00:01'),
(4, 10.724840899448, 212, 11.777121340687, '2017-06-22 17:00:10'),
(5, 10.685404197589, 212, 14.361710956827, '2017-06-22 18:00:01'),
(6, 10.685404197589, 212, 14.361710956827, '2017-06-22 18:00:01'),
(7, 10.685404197589, 212, 13.361710956827, '2017-06-22 18:00:01'),
(8, 10.685404197589, 212, 12.361710956827, '2017-06-22 18:00:01'),
(9, 10.685404197589, 212, 15.361710956827, '2017-06-22 18:00:01'),
(10, 10.685404197589, 212, 13.3617109456827, '2017-06-22 18:00:01'),
(11, 10.685404197589, 212, 12.3617109565677, '2017-06-22 18:00:01'),
(12, 10.685404197589, 212, 11.3617109565677, '2017-06-22 18:00:01'),
(13, 10.685404197589, 212, 12.3617109556727, '2017-06-22 18:00:01'),
(14, 10.685404197589, 212, 12.3617109567827, '2017-06-22 18:00:01'),
(15, 10.685404197589, 212, 13.3617105676827, '2017-06-22 18:00:01'),
(16, 10.685404197589, 212, 14.361710566827, '2017-06-22 18:00:01'),
(17, 10.685404197589, 212, 13.3617103456827, '2017-06-22 18:00:01'),
(18, 10.685404197589, 212, 12.361711256827, '2017-06-22 18:00:01'),
(19, 10.685404197589, 212, 12.361712156827, '2017-06-22 18:00:01'),
(20, 10.685404197589, 212, 14.361710956827, '2017-06-22 18:00:01'),
(21, 10.685404197589, 212, 14.361710956827, '2017-06-22 18:00:01'),
(22, 10.685404197589, 212, 14.361710956827, '2017-06-22 18:00:01'),
(23, 10.685404197589, 212, 14.361710956827, '2017-06-22 18:00:01'),
(24, 10.685404197589, 212, 14.361710956827, '2017-06-22 18:00:01'),
(25, 10.685404197589, 212, 14.361710956827, '2017-06-22 18:00:01'),
(26, 10.685404197589, 212, 14.361710956827, '2017-06-22 18:00:01'),
(27, 10.685404197589, 212, 14.361710956827, '2017-06-22 18:00:01'),
(28, 10.685404197589, 212, 14.361710956827, '2017-06-22 18:00:01'),
(29, 10.685404197589, 212, 14.361710956827, '2017-06-22 18:00:01'),
(30, 10.685404197589, 212, 14.361710956827, '2017-06-22 18:00:01'),
(31, 10.685404197589, 212, 14.361710956827, '2017-06-22 18:00:01'),
(32, 10.685404197589, 212, 14.361710956827, '2017-06-22 18:00:01'),
(33, 13.515398863127, 212, 14.261742351663, '2017-06-22 19:00:00'),
(60, 5.5433165829146, 152, 6.1347738693467, '2017-06-22 14:00:01'),
(61, 8.6797249853716, 152, 11.562638970158, '2017-06-22 15:00:00'),
(62, 10.647097378277, 152, 11.908785892634, '2017-06-22 16:00:01'),
(63, 10.724840899448, 152, 11.7771521340687, '2017-06-22 17:00:10'),
(64, 10.685404197589, 152, 14.361710956827, '2017-06-22 18:00:01'),
(65, 10.685404197589, 152, 14.361710956827, '2017-06-22 18:00:01'),
(66, 10.685404197589, 152, 13.361710956827, '2017-06-22 18:00:01'),
(67, 10.685404197589, 152, 15.361710956827, '2017-06-22 18:00:01'),
(68, 10.685404197589, 152, 13.3617109456827, '2017-06-22 18:00:01'),
(69, 6.404197589685, 104, 12.3617109565677, '2017-06-22 18:00:01'),
(70, 5.5433165829146, 195, 6.1347738693467, '2017-06-22 14:00:01'),
(71, 3.6797249853716, 257, 6.62638970158, '2017-06-22 15:00:00'),
(72, 2.647097378277, 140, 10.908785892634, '2017-06-22 16:00:01'),
(73, 4.724840899448, 256, 5.7771951340687, '2017-06-22 17:00:10'),
(74, 2.685404197589, 264, 2.361710956827, '2017-06-22 18:00:01'),
(75, 4.361710956827, 314, 4.361710956827, '2017-06-22 18:00:01'),
(76, 27.1975891221122, 217, 13.361710956827, '2017-06-22 18:00:01'),
(77, 6.685404197589, 195, 8.361710956827, '2017-06-22 18:00:01'),
(78, 6.685404197589, 195, 16.3617109456827, '2017-06-22 18:00:01'),
(79, 8.685404197589, 195, 16.3617109565677, '2017-06-22 18:00:01'),
(80, 5.5433165829146, 261, 2.1347738693467, '2017-06-22 14:00:01'),
(81, 76.12034428795, 1, 205.01439749609, '2017-06-30 13:00:00'),
(82, 75.086527353041, 1, 126.56323479443, '2017-06-30 14:00:00'),
(83, 61.97913005749, 1, 83.41432910294, '2017-06-30 15:00:00'),
(84, 45.714036485303, 1, 61.670636501236, '2017-06-30 16:00:01'),
(85, 36.260449452349, 1, 49.080328591215, '2017-06-30 17:00:00'),
(86, 30.06514725778, 1, 40.805781038612, '2017-06-30 18:00:00'),
(87, 25.771472283815, 1, 35.05495343681, '2017-06-30 19:00:00'),
(88, 22.565144314363, 1, 30.780472161047, '2017-06-30 20:00:00'),
(89, 20.053032792498, 1, 27.463866639285, '2017-06-30 21:00:01'),
(90, 18.099173477541, 1, 24.849081300316, '2017-06-30 22:00:00'),
(91, 16.514601856241, 1, 22.72058307088, '2017-06-30 23:00:00'),
(92, 15.170652589704, 1, 20.907382755722, '2017-07-01 00:00:00'),
(93, 14.057253325814, 1, 19.424907159313, '2017-07-01 01:00:00'),
(94, 13.080535757102, 1, 18.153680333053, '2017-07-01 02:00:00'),
(95, 12.23971105196, 1, 17.021502448543, '2017-07-01 03:00:00'),
(96, 11.53256384882, 1, 16.05975145587, '2017-07-01 04:00:00'),
(97, 10.88339298497, 1, 15.191386900504, '2017-07-01 05:00:01'),
(98, 10.320314795739, 1, 14.437343151, '2017-07-01 06:00:00'),
(99, 9.8303360726525, 1, 13.762448437953, '2017-07-01 07:00:00'),
(100, 9.3629214165384, 1, 13.137517266507, '2017-07-01 08:00:00'),
(101, 8.9546819239181, 1, 12.602032855103, '2017-07-01 09:00:00'),
(102, 8.5842472362384, 1, 12.110160449925, '2017-07-01 10:00:00'),
(103, 8.2309879016336, 1, 11.642679037405, '2017-07-01 11:00:00'),
(104, 7.9209720994845, 1, 11.222119681862, '2017-07-01 12:00:00'),
(105, 7.6408487903003, 1, 10.840600428881, '2017-07-01 13:00:00'),
(106, 7.3654435568412, 1, 10.481186389364, '2017-07-01 14:00:00'),
(107, 7.1302143353607, 1, 10.172905409953, '2017-07-01 15:00:00'),
(108, 6.8923610585828, 1, 9.8624352975536, '2017-07-01 16:00:00'),
(109, 6.6733589928154, 1, 9.5765820738317, '2017-07-01 17:00:00'),
(110, 6.4774099573623, 1, 9.3143675090505, '2017-07-01 18:00:00'),
(111, 6.2831707887983, 1, 9.0634723414249, '2017-07-01 19:00:00'),
(112, 6.1116313557342, 1, 8.8274622410749, '2017-07-01 20:00:00'),
(113, 5.9503342429647, 1, 8.6090849984466, '2017-07-01 21:00:00'),
(114, 5.7872945065513, 1, 8.3886301029056, '2017-07-01 22:00:00'),
(115, 5.6499590047231, 1, 8.2052836441816, '2017-07-01 23:00:00'),
(116, 5.5150335570491, 1, 8.0244253355739, '2017-07-02 00:00:00'),
(117, 5.3791241614594, 1, 7.8506675698208, '2017-07-02 01:00:01'),
(118, 5.2587604376069, 1, 7.6902110958427, '2017-07-02 02:00:00'),
(119, 5.1348707430362, 1, 7.5237654798796, '2017-07-02 03:00:00'),
(120, 5.0352120965208, 1, 7.3724614061332, '2017-07-02 04:00:00'),
(121, 4.9391147224881, 1, 7.2380430862569, '2017-07-02 05:00:00'),
(122, 4.8320538793125, 1, 7.1033908046011, '2017-07-02 06:00:00'),
(123, 4.7413774958979, 1, 6.9741128432549, '2017-07-02 07:00:01'),
(124, 5.0210198331378, 1, 7.5516669294666, '2017-07-02 08:00:00'),
(125, 7.144459041008, 1, 11.761318516337, '2017-07-02 09:00:00'),
(126, 9.3543545532047, 1, 15.28817019603, '2017-07-02 10:00:00'),
(127, 10.511937971567, 1, 16.617911769238, '2017-07-02 11:00:00'),
(128, 12.891771150031, 1, 18.502857483859, '2017-07-02 12:00:00'),
(129, 15.820931649123, 1, 20.22096056704, '2017-07-02 13:00:00'),
(130, 15.51618755351, 1, 19.845991848648, '2017-07-02 14:00:00'),
(131, 15.211615069094, 1, 19.455157393291, '2017-07-02 15:00:00'),
(132, 14.918737936672, 1, 19.07930874588, '2017-07-02 16:00:01'),
(133, 14.637027959901, 1, 18.717813134389, '2017-07-02 17:00:00'),
(134, 14.365697687398, 1, 18.369658801735, '2017-07-02 18:00:00'),
(135, 14.104293658405, 1, 18.034219421999, '2017-07-02 19:00:00'),
(136, 13.852251719056, 1, 17.710810941689, '2017-07-02 20:00:00'),
(137, 13.609174903538, 1, 17.39888947619, '2017-07-02 21:00:00'),
(138, 13.374426951586, 1, 17.097676121816, '2017-07-02 22:00:00'),
(139, 13.147587270306, 1, 16.806628815924, '2017-07-02 23:00:00'),
(140, 12.928405040415, 1, 16.525407399972, '2017-07-03 00:00:00'),
(141, 12.716451958544, 1, 16.253442325071, '2017-07-03 01:00:00'),
(142, 12.511467780721, 1, 15.990361662337, '2017-07-03 02:00:00'),
(143, 12.312954375969, 1, 15.735586649332, '2017-07-03 03:00:00'),
(144, 12.120627608567, 1, 15.488802988883, '2017-07-03 04:00:00'),
(145, 11.934251392146, 1, 15.249640497746, '2017-07-03 05:00:00'),
(146, 11.75367818819, 1, 15.017957058911, '2017-07-03 06:00:01'),
(147, 11.730051771559, 1, 14.949418468786, '2017-07-03 07:00:00'),
(148, 11.972455810989, 1, 15.461505083067, '2017-07-03 08:00:01'),
(149, 11.877391175342, 1, 15.767372237932, '2017-07-03 09:00:00'),
(150, 11.739063729856, 1, 16.107845262521, '2017-07-03 10:00:01'),
(151, 11.665387485796, 1, 17.022765320489, '2017-07-03 11:00:00'),
(152, 11.75197213546, 1, 19.13876616616, '2017-07-03 12:00:00'),
(153, 11.666254139364, 1, 21.765198421372, '2017-07-03 13:00:00'),
(154, 11.579173785698, 1, 23.501619884469, '2017-07-03 14:00:01'),
(155, 12.329214714324, 1, 24.095909209497, '2017-07-03 15:00:00'),
(156, 12.38921587655, 1, 27.007077192413, '2017-07-03 16:00:00'),
(157, 12.423093161535, 1, 32.944302060571, '2017-07-03 17:00:00'),
(158, 12.52858537602, 1, 41.095468016795, '2017-07-03 18:00:00'),
(159, 12.565884222077, 1, 47.309469725834, '2017-07-03 19:00:00'),
(160, 12.508082738591, 1, 50.912376928606, '2017-07-03 20:00:00'),
(161, 12.567327056411, 1, 51.866023988052, '2017-07-03 21:00:00'),
(162, 12.414289541777, 1, 51.231939882188, '2017-07-03 22:00:00'),
(163, 12.264872841718, 1, 50.612805386552, '2017-07-03 23:00:01'),
(164, 12.118992874314, 1, 50.008456602815, '2017-07-04 00:00:01'),
(165, 11.976576130056, 1, 49.418370128584, '2017-07-04 01:00:01'),
(166, 11.837471002146, 1, 48.842046977401, '2017-07-04 02:00:00'),
(167, 11.701572648982, 1, 48.279011171446, '2017-07-04 03:00:00'),
(168, 11.568792291675, 1, 47.728808430469, '2017-07-04 04:00:00'),
(169, 11.438995456329, 1, 47.191004949358, '2017-07-04 05:00:00'),
(170, 11.312043593087, 1, 46.665030254406, '2017-07-04 06:00:00'),
(171, 11.285420696086, 1, 46.248417823007, '2017-07-04 07:00:00'),
(172, 11.980624928466, 1, 47.090964862082, '2017-07-04 08:00:00'),
(173, 12.672180599497, 1, 48.89319953676, '2017-07-04 09:00:00'),
(174, 13.654827559721, 1, 52.898369370409, '2017-07-04 10:00:00'),
(175, 13.937053644943, 1, 54.413840965231, '2017-07-04 11:00:00'),
(176, 13.943600816017, 1, 55.2410145686, '2017-07-04 12:00:00'),
(177, 14.113540687812, 1, 62.323582152506, '2017-07-04 13:00:00'),
(178, 14.349897167976, 1, 65.837792150388, '2017-07-04 14:00:00'),
(179, 14.408326825785, 1, 70.275725376402, '2017-07-04 15:00:01'),
(180, 14.46800758043, 1, 73.025396543687, '2017-07-04 16:00:00'),
(181, 16.118440685841, 1, 73.545345377545, '2017-07-04 17:00:00'),
(182, 17.143090960566, 1, 73.436040071723, '2017-07-04 18:00:00'),
(183, 17.866584896459, 1, 74.861719569073, '2017-07-04 19:00:01'),
(184, 18.857300979017, 1, 75.997184422498, '2017-07-04 20:00:00'),
(185, 18.828623523649, 1, 75.554653138045, '2017-07-04 21:00:00'),
(186, 18.651046194881, 1, 74.840097610807, '2017-07-04 22:00:00'),
(187, 18.476771242969, 1, 74.138931224756, '2017-07-04 23:00:00'),
(188, 18.305722863047, 1, 73.450781149921, '2017-07-05 00:00:00'),
(189, 18.137812863012, 1, 72.775288271312, '2017-07-05 01:00:00'),
(190, 17.972955519162, 1, 72.111909403342, '2017-07-05 02:00:00'),
(191, 17.811099581128, 1, 71.460708886278, '2017-07-05 03:00:00');

-- --------------------------------------------------------

--
-- Estructura de tabla para la tabla `proveedor`
--

CREATE TABLE `proveedor` (
  `idProveedor` int(11) NOT NULL,
  `Nom_Empresa` varchar(80) DEFAULT NULL,
  `RUC` varchar(11) DEFAULT NULL,
  `Direccion` varchar(100) DEFAULT NULL,
  `Telefono` varchar(20) DEFAULT NULL,
  `Url` varchar(100) DEFAULT NULL,
  `Estado` bit(1) DEFAULT NULL,
  `idUSUARIO` int(11) NOT NULL
) ENGINE=InnoDB DEFAULT CHARSET=latin1;

--
-- Volcado de datos para la tabla `proveedor`
--

INSERT INTO `proveedor` (`idProveedor`, `Nom_Empresa`, `RUC`, `Direccion`, `Telefono`, `Url`, `Estado`, `idUSUARIO`) VALUES
(1, 'Telefónica del Perú S.A.A.', '20100017491', 'Calle Schell 310 Miraflores', '376632232', 'www.ggods.com', b'1', 1),
(2, 'América Móviles Perú S.A.C.', '20467534026', 'Av. Nicolás Arriola 480 Urb. Santa Catalina Lima 13', '9838957928', 'www.claro.com.pe', b'1', 1),
(3, 'jose', '12412', 'q24qwr', '124', 'jose.com', NULL, 0),
(4, 'Net Line SAC', '27138144456', 'Lima 234', '080016600', 'www.netline.net', b'1', 0),
(5, 'Fiberlux', '20557425889', 'Av. Ricardo Palma 341 of 402, Miraflores – Lima', '7480600', 'http://flx.com.pe/', b'1', 0),
(6, 'Telecomunicaciones Multimedia Alfa S.A.C.', '20502459261', 'AV.Central Nro.632 ATE - Lima - Lima', '6174400', '--', b'1', 0),
(7, 'demo', '123445678', '', '988766532', 'www.dato.pe', NULL, 0),
(8, 'demo', '87654321', 'asd', '987654321', 'www.pe.com', NULL, 0),
(9, 'proveeodor prueba', '12345678', 'av.prueba', '931567213', 'wwwwwwwwwwwwwwwwww', NULL, 0);

-- --------------------------------------------------------

--
-- Estructura de tabla para la tabla `rol`
--

CREATE TABLE `rol` (
  `idROL` int(11) NOT NULL,
  `Rol` varchar(45) DEFAULT NULL,
  `Estado` char(1) DEFAULT NULL,
  `icono` varchar(50) NOT NULL
) ENGINE=InnoDB DEFAULT CHARSET=latin1;

--
-- Volcado de datos para la tabla `rol`
--

INSERT INTO `rol` (`idROL`, `Rol`, `Estado`, `icono`) VALUES
(1, 'Admin', '1', '/svg/rol/root.svg'),
(2, 'Jefe de Redes', '1', '/svg/rol/jefe.svg'),
(3, 'Personal de Redes', '1', '/svg/rol/apple.svg');

-- --------------------------------------------------------

--
-- Estructura de tabla para la tabla `rol_has_acceso`
--

CREATE TABLE `rol_has_acceso` (
  `idROL` int(11) NOT NULL,
  `idACCESO` int(11) NOT NULL
) ENGINE=InnoDB DEFAULT CHARSET=latin1;

--
-- Volcado de datos para la tabla `rol_has_acceso`
--

INSERT INTO `rol_has_acceso` (`idROL`, `idACCESO`) VALUES
(1, 2),
(1, 3),
(1, 4),
(1, 5),
(1, 6),
(1, 13),
(2, 2),
(2, 3),
(2, 4),
(2, 5),
(2, 6),
(3, 2),
(3, 5),
(3, 6);

-- --------------------------------------------------------

--
-- Estructura de tabla para la tabla `usuario`
--

CREATE TABLE `usuario` (
  `idUSUARIO` int(11) NOT NULL,
  `Nombre` varchar(25) DEFAULT NULL,
  `Apellido` varchar(20) DEFAULT NULL,
  `Telefono` varchar(20) DEFAULT NULL,
  `Direccion` varchar(100) DEFAULT NULL,
  `Usuario` varchar(25) DEFAULT NULL,
  `password` varchar(15) DEFAULT NULL,
  `Correo` varchar(60) DEFAULT NULL
) ENGINE=InnoDB DEFAULT CHARSET=latin1;

--
-- Volcado de datos para la tabla `usuario`
--

INSERT INTO `usuario` (`idUSUARIO`, `Nombre`, `Apellido`, `Telefono`, `Direccion`, `Usuario`, `password`, `Correo`) VALUES
(1, 'admin', 'admin', '9241998', 'ca', 'admin', '123', 'admin@prueba.com'),
(2, 'Rudy', 'Millan', '1219', 'Ñaña', 'rudy', '123', 'rudy@hotmail.com'),
(3, 'valentin', 'valen', '12515', '214', 'vale', '123', 'valentin@gmail.com');

-- --------------------------------------------------------

--
-- Estructura de tabla para la tabla `usuario_has_rol`
--

CREATE TABLE `usuario_has_rol` (
  `idUSUARIO` int(11) NOT NULL,
  `idROL` int(11) NOT NULL
) ENGINE=InnoDB DEFAULT CHARSET=latin1;

--
-- Volcado de datos para la tabla `usuario_has_rol`
--

INSERT INTO `usuario_has_rol` (`idUSUARIO`, `idROL`) VALUES
(1, 1),
(1, 2),
(1, 3),
(2, 2),
(3, 3);

--
-- Índices para tablas volcadas
--

--
-- Indices de la tabla `acceso`
--
ALTER TABLE `acceso`
  ADD PRIMARY KEY (`idACCESO`);

--
-- Indices de la tabla `area`
--
ALTER TABLE `area`
  ADD PRIMARY KEY (`idAREA`),
  ADD KEY `fk_AREA_AREA1_idx` (`Cod_Padre`),
  ADD KEY `fk_AREA_Entidad1_idx` (`idEntidad`);

--
-- Indices de la tabla `area_has_contrato`
--
ALTER TABLE `area_has_contrato`
  ADD PRIMARY KEY (`idAREA_HAS_CONTRATO`),
  ADD KEY `fk_SECTOR_has_CONTRATO_CONTRATO1_idx` (`idCONTRATO`),
  ADD KEY `fk_SECTOR_has_CONTRATO_SECTOR1_idx` (`idAREA`);

--
-- Indices de la tabla `area_has_equipo`
--
ALTER TABLE `area_has_equipo`
  ADD PRIMARY KEY (`idAREA_has_Equipo`),
  ADD KEY `fk_AREA_has_Equipo_Equipo1_idx` (`Equipo_idEquipo`),
  ADD KEY `fk_AREA_has_Equipo_AREA1_idx` (`AREA_idAREA`);

--
-- Indices de la tabla `consumo`
--
ALTER TABLE `consumo`
  ADD PRIMARY KEY (`idConsumo`),
  ADD KEY `fk_Consumo_AREA1_idx` (`idArea`);

--
-- Indices de la tabla `contrato`
--
ALTER TABLE `contrato`
  ADD PRIMARY KEY (`idCONTRATO`),
  ADD KEY `fk_CONTRATO_CLIENTE1_idx` (`idEntidad`),
  ADD KEY `fk_CONTRATO_Proveedor1_idx` (`idProveedor`);

--
-- Indices de la tabla `det_contrato`
--
ALTER TABLE `det_contrato`
  ADD PRIMARY KEY (`idDET_CONTRATO`),
  ADD KEY `fk_DET_CONTRATO_CONTRATO1_idx` (`idCONTRATO`);

--
-- Indices de la tabla `dispositivo`
--
ALTER TABLE `dispositivo`
  ADD PRIMARY KEY (`idDispositivo`);

--
-- Indices de la tabla `documentos`
--
ALTER TABLE `documentos`
  ADD PRIMARY KEY (`idDocumentos`),
  ADD KEY `fk_Documentos_USUARIO1_idx` (`idUSUARIO`),
  ADD KEY `fk_Documentos_CONTRATO1_idx` (`idCONTRATO`);

--
-- Indices de la tabla `entidad`
--
ALTER TABLE `entidad`
  ADD PRIMARY KEY (`idEntidad`);

--
-- Indices de la tabla `entidad_has_usuario`
--
ALTER TABLE `entidad_has_usuario`
  ADD PRIMARY KEY (`idEntidad_has_Usuario`),
  ADD KEY `fk_Entidad_has_USUARIO_USUARIO1_idx` (`idUSUARIO`),
  ADD KEY `fk_Entidad_has_USUARIO_Entidad1_idx` (`idEntidad`);

--
-- Indices de la tabla `equipo`
--
ALTER TABLE `equipo`
  ADD PRIMARY KEY (`idEquipo`);

--
-- Indices de la tabla `microtik`
--
ALTER TABLE `microtik`
  ADD PRIMARY KEY (`idMicrotik`),
  ADD KEY `fk_Microtik_AREA1_idx` (`AREA_idSECTOR`);

--
-- Indices de la tabla `proveedor`
--
ALTER TABLE `proveedor`
  ADD PRIMARY KEY (`idProveedor`);

--
-- Indices de la tabla `rol`
--
ALTER TABLE `rol`
  ADD PRIMARY KEY (`idROL`);

--
-- Indices de la tabla `rol_has_acceso`
--
ALTER TABLE `rol_has_acceso`
  ADD PRIMARY KEY (`idROL`,`idACCESO`),
  ADD KEY `fk_ROL_has_ACCESO_ACCESO1_idx` (`idACCESO`),
  ADD KEY `fk_ROL_has_ACCESO_ROL1_idx` (`idROL`);

--
-- Indices de la tabla `usuario`
--
ALTER TABLE `usuario`
  ADD PRIMARY KEY (`idUSUARIO`);

--
-- Indices de la tabla `usuario_has_rol`
--
ALTER TABLE `usuario_has_rol`
  ADD PRIMARY KEY (`idUSUARIO`,`idROL`),
  ADD KEY `fk_USUARIO_has_ROL_ROL1_idx` (`idROL`),
  ADD KEY `fk_USUARIO_has_ROL_USUARIO1_idx` (`idUSUARIO`);

--
-- AUTO_INCREMENT de las tablas volcadas
--

--
-- AUTO_INCREMENT de la tabla `microtik`
--
ALTER TABLE `microtik`
  MODIFY `idMicrotik` int(11) NOT NULL AUTO_INCREMENT, AUTO_INCREMENT=192;

--
-- Restricciones para tablas volcadas
--

--
-- Filtros para la tabla `area`
--
ALTER TABLE `area`
  ADD CONSTRAINT `fk_AREA_AREA1` FOREIGN KEY (`Cod_Padre`) REFERENCES `area` (`idAREA`) ON DELETE NO ACTION ON UPDATE NO ACTION,
  ADD CONSTRAINT `fk_AREA_Entidad1` FOREIGN KEY (`idEntidad`) REFERENCES `entidad` (`idEntidad`) ON DELETE NO ACTION ON UPDATE NO ACTION;

--
-- Filtros para la tabla `area_has_contrato`
--
ALTER TABLE `area_has_contrato`
  ADD CONSTRAINT `fk_SECTOR_has_CONTRATO_CONTRATO1` FOREIGN KEY (`idCONTRATO`) REFERENCES `contrato` (`idCONTRATO`) ON DELETE NO ACTION ON UPDATE NO ACTION,
  ADD CONSTRAINT `fk_SECTOR_has_CONTRATO_SECTOR1` FOREIGN KEY (`idAREA`) REFERENCES `area` (`idAREA`) ON DELETE NO ACTION ON UPDATE NO ACTION;

--
-- Filtros para la tabla `area_has_equipo`
--
ALTER TABLE `area_has_equipo`
  ADD CONSTRAINT `fk_AREA_has_Equipo_AREA1` FOREIGN KEY (`AREA_idAREA`) REFERENCES `area` (`idAREA`) ON DELETE NO ACTION ON UPDATE NO ACTION,
  ADD CONSTRAINT `fk_AREA_has_Equipo_Equipo1` FOREIGN KEY (`Equipo_idEquipo`) REFERENCES `equipo` (`idEquipo`) ON DELETE NO ACTION ON UPDATE NO ACTION;

--
-- Filtros para la tabla `consumo`
--
ALTER TABLE `consumo`
  ADD CONSTRAINT `fk_Consumo_AREA1` FOREIGN KEY (`idArea`) REFERENCES `area` (`idAREA`) ON DELETE NO ACTION ON UPDATE NO ACTION;

--
-- Filtros para la tabla `contrato`
--
ALTER TABLE `contrato`
  ADD CONSTRAINT `fk_CONTRATO_CLIENTE1` FOREIGN KEY (`idEntidad`) REFERENCES `entidad` (`idEntidad`) ON DELETE NO ACTION ON UPDATE NO ACTION,
  ADD CONSTRAINT `fk_CONTRATO_Proveedor1` FOREIGN KEY (`idProveedor`) REFERENCES `proveedor` (`idProveedor`) ON DELETE NO ACTION ON UPDATE NO ACTION;

--
-- Filtros para la tabla `det_contrato`
--
ALTER TABLE `det_contrato`
  ADD CONSTRAINT `fk_DET_CONTRATO_CONTRATO1` FOREIGN KEY (`idCONTRATO`) REFERENCES `contrato` (`idCONTRATO`) ON DELETE NO ACTION ON UPDATE NO ACTION;

--
-- Filtros para la tabla `documentos`
--
ALTER TABLE `documentos`
  ADD CONSTRAINT `fk_Documentos_CONTRATO1` FOREIGN KEY (`idCONTRATO`) REFERENCES `contrato` (`idCONTRATO`) ON DELETE NO ACTION ON UPDATE NO ACTION,
  ADD CONSTRAINT `fk_Documentos_USUARIO1` FOREIGN KEY (`idUSUARIO`) REFERENCES `usuario` (`idUSUARIO`) ON DELETE NO ACTION ON UPDATE NO ACTION;

--
-- Filtros para la tabla `entidad_has_usuario`
--
ALTER TABLE `entidad_has_usuario`
  ADD CONSTRAINT `fk_Entidad_has_USUARIO_Entidad1` FOREIGN KEY (`idEntidad`) REFERENCES `entidad` (`idEntidad`) ON DELETE NO ACTION ON UPDATE NO ACTION,
  ADD CONSTRAINT `fk_Entidad_has_USUARIO_USUARIO1` FOREIGN KEY (`idUSUARIO`) REFERENCES `usuario` (`idUSUARIO`) ON DELETE NO ACTION ON UPDATE NO ACTION;

--
-- Filtros para la tabla `microtik`
--
ALTER TABLE `microtik`
  ADD CONSTRAINT `fk_Microtik_AREA1` FOREIGN KEY (`AREA_idSECTOR`) REFERENCES `area` (`idAREA`) ON DELETE NO ACTION ON UPDATE NO ACTION;

--
-- Filtros para la tabla `rol_has_acceso`
--
ALTER TABLE `rol_has_acceso`
  ADD CONSTRAINT `fk_ROL_has_ACCESO_ACCESO1` FOREIGN KEY (`idACCESO`) REFERENCES `acceso` (`idACCESO`) ON DELETE NO ACTION ON UPDATE NO ACTION,
  ADD CONSTRAINT `fk_ROL_has_ACCESO_ROL1` FOREIGN KEY (`idROL`) REFERENCES `rol` (`idROL`) ON DELETE NO ACTION ON UPDATE NO ACTION;

--
-- Filtros para la tabla `usuario_has_rol`
--
ALTER TABLE `usuario_has_rol`
  ADD CONSTRAINT `fk_USUARIO_has_ROL_ROL1` FOREIGN KEY (`idROL`) REFERENCES `rol` (`idROL`) ON DELETE NO ACTION ON UPDATE NO ACTION,
  ADD CONSTRAINT `fk_USUARIO_has_ROL_USUARIO1` FOREIGN KEY (`idUSUARIO`) REFERENCES `usuario` (`idUSUARIO`) ON DELETE NO ACTION ON UPDATE NO ACTION;
COMMIT;

/*!40101 SET CHARACTER_SET_CLIENT=@OLD_CHARACTER_SET_CLIENT */;
/*!40101 SET CHARACTER_SET_RESULTS=@OLD_CHARACTER_SET_RESULTS */;
/*!40101 SET COLLATION_CONNECTION=@OLD_COLLATION_CONNECTION */;
